sight_id,addr,content,homepage_u,main_img_n,main_img_t,point,sight_title,CTY_CD,usage_day,hldy_info,usage_time,usage_amou,middle_siz
1,부산광역시 영도구 흰여울길,절영해안산책로 가파른 담벼락 위로 독특한 마을 풍경이 보인다. 해안가 절벽 끝에 바다를 따라 난 좁은 골목길 안쪽으로 작은 집들이 다닥다닥 붙어 있다. 피난민들의 애잔한 삶이 시작된 곳?,http://www.ydculture.com/huinnyeoulculturetown/,https://www.visitbusan.net/uploadImgs/files/cntnts/20191222164810529_ttiel,https://www.visitbusan.net/uploadImgs/files/cntnts/20191222164810529_thumbL,POINT (129.04402 35.07885),흰여울문화마을,2620,-,-,매일,무료,"장애인 주차장(절영해안산책로 공영주차장, 유료)"
2,부산시 영도구 대평북로 36 깡깡이 안내센터,영도다리 건너 자갈치시장 맞은 편 물양장에 배들이 가득 들어차 있다. 세상에 못 고치는 배는 없다는 전설적인 수리조선의 메카 깡깡이 예술마을이 있는 곳이다. 깡깡이란 말은 수리 조선소?,http://kangkangee.com,https://www.visitbusan.net/uploadImgs/files/cntnts/20191222171209005_ttiel,https://www.visitbusan.net/uploadImgs/files/cntnts/20191222171209005_thumbL,POINT (129.03255 35.092648),깡깡이 예술마을,2620,-,매주 월요일 (투어 등 시설),"평일, 주말 10:00~17:00가급적 평일 낮 시간 제외, 주말 혹은 통합투어 프로그램 이용 요망",프로그램별 상이,휠체어 접근 가능
3,부산시 영도구 해양로301번길 45,"부산하면 바다, 바다하면 부산이라고들 하지만 우리는 대한민국 해양에 대해 얼마나 알고 있을까?세상의 모든 바다 이야기가 시작되는 국립해양박물관이 과거와 현재 그리고 미래의 바다로 ?",https://www.mmk.or.kr/,https://www.visitbusan.net/uploadImgs/files/cntnts/20191222175627506_ttiel,https://www.visitbusan.net/uploadImgs/files/cntnts/20191222175627506_thumbL,POINT (129.08018 35.078728),국립해양박물관,2620,-,매주 월요일,"국립해양박물관 -화 ~ 금 09:00~18:00(입장 17:30분까지) -토 09:00~21:00(5~8월) / 09:00~19:00(9월~4월) -일 09:00~19:00 -설날?추석 익일, 어린이날, 광복절 09:00~21:00 해양도서관 -화~토요일 10:00~17:00- 휴관일: 박?","관람료 무료(단, 4D영상관, 유료특별전시 제외)","물품보관소(1, 2층), 휠체어 무료대여, 점자 블록, 점자안내판, 안내견 동반출입, 엘리베이터, 장애인 주차장, 장애인 화장실, 4D영상관 내 휠체어석"
4,부산광역시 영도구 전망로 24,초록으로 우거진 싱그러운 숲길을 거닐며 푸른 바다를 한눈에 바라볼 수 있는 곳. 오랜 세월 파도에 깎여 각양각색의 신비를 가지게 된 바위해안이 그 수려함을 자랑하는 곳. 부산 영도 남쪽 ?,https://www.bisco.or.kr/taejongdae/,https://www.visitbusan.net/uploadImgs/files/cntnts/20191222180829962_ttiel,https://www.visitbusan.net/uploadImgs/files/cntnts/20191222180829962_thumbL,POINT (129.0878 35.052643),태종대,2620,-,-,하절기 3~10월(04:00~24:00) / 동절기 11~2월(05:00~24:00),무료 (다누비 열차 요금 별도),"장애인 주차장, 장애인 화장실, 안내견 동반 가능, 다누비열차 휠체어리프트 장착 차량 운행, 휠체어 무료대여(정문 관광안내센터)"
5,부산광역시 기장군 기장읍 죽성리 134-7,"동해바다의 에메랄드빛을 고스란히 담고 있는 기장 앞바다는 이제 많은 이들이 찾는 곳이 됐다. 날이 좋으면 좋은 대로, 날이 흐리면 흐린 대로 드라이브하기 더없이 좋은 코스에 경치 좋은 낭",-,https://www.visitbusan.net/uploadImgs/files/cntnts/20191222181829937_ttiel,https://www.visitbusan.net/uploadImgs/files/cntnts/20191222181829937_thumbL,POINT (129.24864 35.241013),죽성성당,2671,-,-,상시,무료,휠체어 접근 가능
6,부산광역시 기장군 철마면 미동길 37-1,"일제강점기, 해방과 전쟁을 지나 산업화를 거치면서도 개방되지 않았던 자연 본연의 모습을 간직한 숲.400년 간 세상에 공개되지 않았던 이곳, 부산 기장군에 위치한 아홉산숲이 그 주인공이다",http://ahopsan.com,https://www.visitbusan.net/uploadImgs/files/cntnts/20191222185645736_ttiel,https://www.visitbusan.net/uploadImgs/files/cntnts/20191222185645736_thumbL,POINT (129.17046 35.287334),아홉산 숲,2671,-,-,"평일, 주말 09:00~17:00 (입장마감 16시 00분)","5,000원 (5세부터)",-
7,부산광역시 기장군 기장읍 용궁길 86,시원하게 트인 기장 앞바다에서 밀려오는 파도소리를 들어본 적 있는지. 감탄이 절로 나오는 해안절경과 끝이 보이지 않는 망망대해가 바로 내 눈앞에 있다면 어떨까.바다와 파도와 바람과 그,http://www.yongkungsa.or.kr,https://www.visitbusan.net/uploadImgs/files/cntnts/20191222190823385_ttiel,https://www.visitbusan.net/uploadImgs/files/cntnts/20191222190823385_thumbL,POINT (129.22346 35.188583),해동용궁사,2671,-,-,"매일, 04:00 ~ 20:30",-,장애인 화장실
8,부산광역시 기장군 장안읍 임랑리,"여름하면 바다, 바다하면 부산이지만 아직까지 타지인들에게는 많이 알려지지 않은 해수욕장이 있다.부산 시민이 사랑하는, 기장군의 양대 해수욕장 중 하나인 임랑해수욕장이 그 주인공이다",-,https://www.visitbusan.net/uploadImgs/files/cntnts/20191224093809621_ttiel,https://www.visitbusan.net/uploadImgs/files/cntnts/20191224093809621_thumbL,POINT (129.26451 35.31905),임랑해수욕장,2671,2023.07.01 ~ 08.31,-,09:00~18:00 (개장 중 입수가능 시간),무료,"휠체어 진입 가능, 장애인 주차장, 장애인 화장실"
9,문화공감 수정 부산광역시 동구 홍곡로 75초량1941 부산광역시 동구 망양로 533-5,"부산이 간직한 근현대 역사, 동구는 그 씨앗이 퍼져 이야기꽃을 피운 동네다. 그 이야기를 담고 있는 길을 따라가다 보면 ‘문화공감 수정’을 만날 수 있다.문화공감 수정은 본래 ‘정란각’?",https://ntchmgsugung.modoo.at/,https://www.visitbusan.net/uploadImgs/files/cntnts/20191224171115847_ttiel,https://www.visitbusan.net/uploadImgs/files/cntnts/20191224171115847_thumbL,POINT (129.04265 35.125793),"문화공감 수정, 초량1941",2617,-,문화공감 수정 매주 월요일 초량1941 연중무휴,문화공감 수정 /화~일 10:00~17:00(입장 16:30까지) 초량1941 평일 11:00~19:00 / 주말 11:00~20:00,메뉴판 참조,-
10,부산광역시 기장군 일광면 삼성3길 17,"부산시민이 사랑하는 바다, 일광해수욕장.역사적으로 기장 8경 중 하나로 꼽힐 만큼 아름다운 일광해수욕장은 과거에 해안선을 따라 노송 숲이 있었다고 전해지는데 고려시대부터 정몽주를 ?",-,https://www.visitbusan.net/uploadImgs/files/cntnts/20191225143353231_ttiel,https://www.visitbusan.net/uploadImgs/files/cntnts/20191225143353231_thumbL,POINT (129.23373 35.259953),"부산바다의 과거와 현재, 일광해수욕장",2671,2023.07.01. ~ 08.31.,-,09:00~18:00 (개장 중 입수가능 시간),무료,"점자블록, 장애인 주차장, 장애인 화장실"
11,부산광역시 동구 중앙대로209번길 16,부산원도심 이바구길 시작점에 서 있는 붉은 벽돌색 건물 하나. 부산최초의 근대식 종합병원이었던 구 백제병원이다. 1922년 개원하여 당시 최고의 병원으로 유명세를 탔으나 1932년 폐업 이후 ?,-,https://www.visitbusan.net/uploadImgs/files/cntnts/20191225145805369_ttiel,https://www.visitbusan.net/uploadImgs/files/cntnts/20191225145805369_thumbL,POINT (129.03917 35.116383),구 백제병원,2617,-,연중무휴,10:00~22:00(1~2층만 개방),무료(카페이용 요금별도),-
12,부산광역시 중구 백산길 11,백산 안희제 선생은 고향땅을 팔아 백산상회를 열고 그 수익금으로 독립운동 자금을 지원했다. 백산상회는 1919년 백산무역주식회사로 확대된 후 1928년 일제의 탄압으로 문을 닫기까지 국내독?,http://www.bsjunggu.go.kr/tour/index.junggu?menuCd=DOM_000000208002001000&link=success&cpath=%2Ftour,https://www.visitbusan.net/uploadImgs/files/cntnts/20191225150331107_ttiel,https://www.visitbusan.net/uploadImgs/files/cntnts/20191225150331107_thumbL,POINT (129.03456 35.101955),백산기념관,2611,-,"월요일, 공휴일(삼일절, 현충일, 광복절 제외)","화~금 10:00~18:00 토, 일 10:00~17:00",무료,-
13,부산광역시 중구 백산길 13,중앙동 원도심 골목길을 걷다가 만나게 되는 한성1918은 한성은행 부산지점으로 1918년에 설립되어 40여 년간 은행업무를 보던 곳이었다. 근대 부산의 부흥기를 함께한 대표적인 금융권 건물이?,http://1918.bscf.or.kr/,https://www.visitbusan.net/uploadImgs/files/cntnts/20191225150936833_ttiel,https://www.visitbusan.net/uploadImgs/files/cntnts/20191225150936833_thumbL,POINT (129.03444 35.10178),한성1918 부산생활문화센터,2611,-,월요일 및 공휴일 휴관/일요일 탄력적운영,09:00 - 22:00,무료,-
14,부산광역시 동구 자성로99,조선통신사역사관은 한?일 양국의 평화를 위해 조선에서 일본으로 파견된 대규모 국가사절단인 조선통신사의 행적을 재미있게 알려주는 탐방 공간이다. 이와 더불어 매년 5월 광복로 일원에?,http://www.tongsinsa.com/html/,https://www.visitbusan.net/uploadImgs/files/cntnts/20191225151358656_ttiel,https://www.visitbusan.net/uploadImgs/files/cntnts/20191225151358656_thumbL,POINT (129.06203 35.135754),조선통신사역사관,2617,-,"매주 월요일, 1월1일",09:00~18:00,무료,"점자블록(출입구), 휠체어 출입가능, 엘리베이터, 장애인전용화장실"
15,부산광역시 동래구 우장춘로 175,"바닷속 신비함을 만날 수 있는 부산해양자연사박물관은 살아있는 해양의 보고다. 국제적으로 희귀한 자연사 자료 25,000여 점을 수집?전시하고 있다. 호기심 가득한 어린이들을 위한 최고의 체?",http://sea.busan.go.kr,https://www.visitbusan.net/uploadImgs/files/cntnts/20191225151830289_ttiel,https://www.visitbusan.net/uploadImgs/files/cntnts/20191225151830289_thumbL,POINT (129.07591 35.22178),부산해양자연사박물관,2626,-,"매주 월요일, 1월 1일",화~일 09:00~18:00(입장마감 17:00까지),무료,"시각장애인관, 점자블록, 휠체어 대여가능, 장애인 엘리베이터, 장애인 화장실, 장애인 주차장(금강공원 공영주차장, 유료)"
16,부산 중구 대청로 104,대한민국의 아픈 역사 일제강점기. 일본의 대륙 침략을 위한 교두보였던 부산은 지금도 일본이 남긴 아픔의 흔적을 고스란히 간직하고 있다. 부산근대역사관은 파란만장했던 근대 부산의 역?,https://www.busan.go.kr/mmch/index,https://www.visitbusan.net/uploadImgs/files/cntnts/20191225152803689_ttiel,https://www.visitbusan.net/uploadImgs/files/cntnts/20191225152803689_thumbL,POINT (129.03114 35.10266),부산근대역사관,2611,-,"1월 1일, 매주 월요일",화~일 / 09:00-18:00(17:00이후 입장불가),무료,"휠체어 출입 가능, 장애인 화장실(3층), 엘리베이터, 안내견 동반 가능"
17,부산광역시 중구 책방골목길 16,"시간을 되돌아가는 길마음에 책갈피 하나를 꽂다, 보수동책방골목갈수록 바빠지는 삶. ‘빨리 빨리’를 좇다 보면 가끔은 모든 것을 내려놓고 잠시 쉬고 싶을 때가 있다. 그럴 때 가던 걸음을",http://www.bosubook.com/,https://www.visitbusan.net/uploadImgs/files/cntnts/20191225154726785_ttiel,https://www.visitbusan.net/uploadImgs/files/cntnts/20191225154726785_thumbL,POINT (129.02663 35.103367),보수동책방골목,2611,매일(휴무일 제외),"정기휴일(첫째,셋째주 화요일,신정,구정,추석)",가게별 상이(20:00 전후 업무 종료),무료(도서구입 별도),휠체어 접근 가능(골목이 좁아 불편할 수 있음)
18,부산광역시 서구 임시수도기념로 45,"1950년 6월 25일, 민족 최대의 비극 한국전쟁이 일어난 직후 대통령을 비롯한 정부 기관들이 부산으로 옮겨졌고 부산은 임시수도가 되었다. 이때 경남 도지사 관사를 대통령 관저로 사용하게 된",http://museum.busan.go.kr/monument/index,https://www.visitbusan.net/uploadImgs/files/cntnts/20191225160342484_ttiel,https://www.visitbusan.net/uploadImgs/files/cntnts/20191225160342484_thumbL,POINT (129.01735 35.103527),임시수도기념관,2614,-,"1월 1일, 매주 월요일",화~일 / 09:00~18:00,무료,"장애인 주차장, 장애인 화장실, 휠체어 무료 대여, 안내견 동반 가능, 휠체어 출입 가능(전시관)"
19,부산광역시 서구 구덕로 225,"등록문화재 41호, 부산 임시수도정부청사, 대한민국 3대 대학박물관. 하나의 건물을 일컫는 세 가지 이름, 동아대학교 석당박물관이 그 주인공이다.임시정부청사와 부산지방검찰청으로 사용된",http://museum.donga.ac.kr/,https://www.visitbusan.net/uploadImgs/files/cntnts/20191225160959194_ttiel,https://www.visitbusan.net/uploadImgs/files/cntnts/20191225160959194_thumbL,POINT (129.01926 35.10497),동아대석당박물관,2614,-,"매주 월요일, 개교기념일, 법정공휴일",화~일/09:30 ~ 17:00 (입장 16:30),무료(주차요금 별도),"장애인 주차장, 장애인 화장실, 장애인전용 엘리베이터, 점자블록, 음성안내기, 휠체어 무료대여, 점자안내판(큰 활자 홍보물)"
20,부산광역시 남구 홍곡로320번길 100,"중일전쟁 발발 후 국가총동원법을 제정한 일본은 조선인들을 강제 동원하여 노동착취 및 인권을 유린했다. 탄광 노무자, 군인, 여자근로정신대라는 이름으로 일본, 만주 등지로 끌려간 조선인",https://www.fomo.or.kr/museum/kor/Main.do,https://www.visitbusan.net/uploadImgs/files/cntnts/20191225162953256_ttiel,https://www.visitbusan.net/uploadImgs/files/cntnts/20191225162953256_thumbL,POINT (129.09192 35.124355),"국립일제강제동원역사관(한,영,중간,중번,일)",2629,-,"매주 월요일, 1월 1일, 명절 당일",화~일/09:30 ~ 17:30(17:00 이후 입장불가),무료,"장애인용 화장실, 장애인 주차장, 장애인전용 엘리베이터, 휠체어 리프트, 휠체어통행 가능, 휠체어 무료대여, 점자블록, 전시음성안내, 안내견 동반 가능"
21,부산광역시 남구 유엔평화로 63,‘부산’이라는 이름의 박물관.그만큼 부산을 대표하는 박물관이자 대한민국의 역사를 담고 있는 곳이다.1978년 11월에 개관한 ‘부산박물관’은 부산시민의 휴식처이자 구석기 유물부터 고려,http://museum.busan.go.kr/busan,https://www.visitbusan.net/uploadImgs/files/cntnts/20191225163741459_ttiel,https://www.visitbusan.net/uploadImgs/files/cntnts/20191225163741459_thumbL,POINT (129.09451 35.12957),부산박물관,2629,-,"매주 월요일, 1월 1일",09:00~18:00 (입장 17:00까지),무료,"장애인 주차장, 장애인 화장실, 장애인전용 엘리베이터, 자동안내 모바일앱(수화영상안내), 한국어 음성가이드기, 휠체어 무료 대여, 휠체어 접근 가능, 안내견 동반 가능"
22,유엔기념공원 부산광역시 남구 유엔평화로 93 유엔평화기념관 부산광역시 남구 홍곡로320번길 106,"6월 호국보훈의 달이면 꽃들이 이곳으로 모여든다.그 꽃은 한국전쟁 전사자들을 기억하는 꽃이자, 전쟁 없는 평화를 염원하는 마음이다.처음에는 한국전쟁 참전 21개국 11,000위가 봉안되어 있?",http://unmck.or.kr (유엔기념공원) https://unpm.or.kr/un2022/ (유엔평화기념관),https://www.visitbusan.net/uploadImgs/files/cntnts/20191225164342360_ttiel,https://www.visitbusan.net/uploadImgs/files/cntnts/20191225164342360_thumbL,POINT (129.09775 35.1277),"유엔기념공원, 유엔평화기념관",2629,유엔기념공원 매일유엔평화기념관 화~일,"유엔기념공원 연중무휴유엔평화기념관 매주 월요일, 1월 1일, 설날?추석 당일",유엔기념공원 09:00~18:00(동절기 17:00 이후 입장불가)유엔평화기념관 10:00~18:00 (입장 17:30분까지),무료,"유엔기념공원장애인 주차장, 장애인 화장실, 휠체어 대여, 휠체어 접근 가능유엔평화기념관점자블록, 장애인전용 엘리베이터, 장애인 주차장, 장애인 화장실, 휠체어 무료 대여, 휠체어 접근 ?"
23,부산광역시 남구 오륙도로 137,"동해와 남해가 만나는 에메랄드 빛 바다. 눈부시게 푸른 양탄자 위 5개의 섬, 때로는 6개의 섬.오륙도 앞바다는 방문객들의 마음을 설레게 하기에 부족함이 없다.부산에 속한 다양한 섬들 가운?",https://www.bsnamgu.go.kr/index.namgu?menuCd=DOM_000000601006001000&cpath=menuCd=DOM_000000601006001000&cpath=,https://www.visitbusan.net/uploadImgs/files/cntnts/20191225164921130_ttiel,https://www.visitbusan.net/uploadImgs/files/cntnts/20191225164921130_thumbL,POINT (129.12334 35.102177),오륙도,2629,-,-,-,무료,"장애인 주차장, 장애인 화장실, 휠체어 접근 가능"
24,부산광역시 남구 신선대산복로 174,"바위에 남은 신선의 발자국. 신선이 탄 백마의 발자취.하늘로 올라가던 신선이 쓰고 있던 탕건이 벗겨져 내려앉았다는 탕건바위까지. 전설마저 아름다운 이곳, 신선대이다.신선대 바닷가의 절",-,https://www.visitbusan.net/uploadImgs/files/cntnts/20191225165635368_ttiel,https://www.visitbusan.net/uploadImgs/files/cntnts/20191225165635368_thumbL,POINT (129.10277 35.102272),신선대,2629,-,연중무휴,상시,무료,장애인주차장
25,부산광역시 해운대구 송정해변로 62,"해운대를 지나 달맞이길 따라 돌아 내려오면 넓고 길게 펼쳐진 백사장이 보인다. 그곳이 바로 서퍼들이 사랑하는 바다, 송정해수욕장이다.해운대, 광안리와 더불어 부산 동부의 3대 해수욕장?",http://www.haeundae.go.kr/tour/index.do?menuCd=DOM_000000302002001000,https://www.visitbusan.net/uploadImgs/files/cntnts/20230630185239164_ttiel,https://www.visitbusan.net/uploadImgs/files/cntnts/20230630185239164_thumbL,POINT (129.19966 35.1786),"송정해수욕장, 죽도공원",2635,2023.06.01 ~ 08.31,연중무휴,상시,무료,"장애인 화장실, 장애인 주차구역, 휠체어접근 가능, 점자블록(화장실 입구 앞)"
26,부산광역시 기장군 기장읍 기장해안로 268-31,"최근 들어 호캉스라는 신조어가 생길 정도로 많은 호텔과 리조트는 그 자체로 여행의 목적지가 되기도 한다. 이러한 트렌드에 맞춰 지어진 대표적인 곳이, 바로 힐튼 부산의 ‘이터널저니’다",https://ananti.kr/ko/cove/CV0501,https://www.visitbusan.net/uploadImgs/files/cntnts/20191225170855698_ttiel,https://www.visitbusan.net/uploadImgs/files/cntnts/20191225170855698_thumbL,POINT (129.22784 35.197235),"힐튼부산 이터널저니(한,영,중간,중번,일)",2671,-,-,10:00~21:00,무료,"장애인 화장실, 장애인 주차, 장애인전용엘리베이터, 점자블록, 휠체어접근가능"
27,부산 수영구 광안해변로 361,"바다에서 불어오는 바람을 가장 먼저 맞는 곳.마린시티와 광안대교의 야경을 가장 가까운 곳에서 만나는 곳.여름이면 남녀노소가 모이는 휴식처, 민락수변공원이다.1997년 개장한 민락수변공?",-,https://www.visitbusan.net/uploadImgs/files/cntnts/20191225174730014_ttiel,https://www.visitbusan.net/uploadImgs/files/cntnts/20191225174730014_thumbL,POINT (129.13435 35.155907),민락수변공원,2650,-,연중무휴,상시,무료,"장애인 주차구역, 장애인 화장실, 점자블록, 산책로 휠체어 접근 가능"
28,부산광역시 서구 송도해변로 100,나이 지긋한 어르신의 추억 속 해수욕장이 젊은이들의 핫플로 다시 태어났다면?SNS를 뜨겁게 달구며 너도나도 업로드 경쟁중인 장소의 주인공 송도해수욕장으로 간다.송도해수욕장은 1913년에,-,https://www.visitbusan.net/uploadImgs/files/cntnts/20191225175459392_ttiel,https://www.visitbusan.net/uploadImgs/files/cntnts/20191225175459392_thumbL,POINT (129.01694 35.07595),송도해수욕장,2614,2023.07.01 ~ 08.31,연중무휴,06:00 - 23:00,무료,"장애인 화장실, 장애인 주차구역, 점자블록, 휠체어 접근 가능, 송도해상케이블카 휠체어탑승 가능, 점자안내판"
29,부산광역시 사하구 다대낙조2길 77,"영남지방 전역을 시원하게 관통하는 낙동강, 그 끝자락이 남해와 만나 바다가 되기 직전 강줄기 따라 실려 온 모래는 거대한 삼각주가 되어 비옥한 땅을 이룬다. 풍부한 먹이와 깨끗한 수질로",busan.go.kr/wetland/amisanintro01,https://www.visitbusan.net/uploadImgs/files/cntnts/20191225180243523_ttiel,https://www.visitbusan.net/uploadImgs/files/cntnts/20191225180243523_thumbL,POINT (128.96075 35.052727),아미산전망대,2638,-,"1월 1일, 월요일",화~일 / 09:00 ~ 18:00(입장 17:00까지),무료,"장애인 주차구역, 엘리베이터, 휠체어접근 가능"
30,부산광역시 서구 아미로49,도로 하나를 사이에 두고 감천문화마을과 나란히 펼쳐지는 아미동 비석문화마을.산복도로 르네상스 시대를 맞아 방문하는 관람객들로 분주해진 산동네 마을 중 하나이다.6.25 전쟁 통에 가재?,-,https://www.visitbusan.net/uploadImgs/files/cntnts/20191226093554532_ttiel,https://www.visitbusan.net/uploadImgs/files/cntnts/20191226093554532_thumbL,POINT (129.0127 35.099068),아미동 비석마을,2614,-,연중무휴,상시,무료,-
31,부산광역시 해운대구 APEC로 58,"대형?소형 전시실, 로비전시실, 옥외전시실, 어린이미술관, 이우환공간, 카페테리아 등을 갖춘 복합문화공간이다. 다양한 현대미술작품을 발굴하여 전시하고 있으며, 다채로운 문화행사와 체?",http://art.busan.go.kr,https://www.visitbusan.net/uploadImgs/files/cntnts/20191226100545553_ttiel,https://www.visitbusan.net/uploadImgs/files/cntnts/20191226100545553_thumbL,POINT (129.1369 35.16702),부산시립미술관,2635,-,"1월 1일, 매주 월요일",본관/ 화요일~일요일 10:00~18:00이우환 공간(별관) /화요일~일요일 10:00~18:00**입장 17:00까지,본관 유료이우환 공간 유료,"점자블록, 장애인전용 엘리베이터, 장애인 주차장, 장애인 화장실, 휠체어 대여"
32,부산광역시 기장군 기장읍 기장해안로 340,갯바위에 부딪치는 파도소리가 마음의 평안을 가져다주는 오랑대공원.해안가 산책로를 걸으며 바다감성 만끽하고 밤이면 인근 대변항의 야경까지 더해 낭만적인 시간을 보낼 수 있는 곳. 언?,-,https://www.visitbusan.net/uploadImgs/files/cntnts/20191226101451768_ttiel,https://www.visitbusan.net/uploadImgs/files/cntnts/20191226101451768_thumbL,POINT (129.22583 35.205246),오랑대공원,2671,-,연중무휴,상시,무료,휠체어 접근 가능
33,부산광역시 기장군 기장읍 기장해안로 216,전시관 입구에서부터 참고래 실물 뼈가 관람객을 놀라게 하는 국립수산과학관으로 가보자.신비로운 푸른 바다 복도를 지나 신기하고 재미있는 바다 친구들이 어린이들을 기다린다. 선박을 조,https://www.fsm.go.kr/,https://www.visitbusan.net/uploadImgs/files/cntnts/20191226102157667_ttiel,https://www.visitbusan.net/uploadImgs/files/cntnts/20191226102157667_thumbL,POINT (129.22423 35.193687),국립수산과학관,2671,-,"매주 월요일, 설날?추석연휴",화~일 09:30~17:30,무료,"장애인 주차장, 장애인 화장실, 휠체어 무료대여, 경사로 설치"
34,부산광역시 금정구 팔송로 60-6,"요산문학관은 부산의 변방, 소외된 사람들의 삶을 소설로 고발한 요산 김정한 선생의 문학을 기리는 공간이자 지역민들을 위한 열린 문화 공간이다.일제강점기와 한국전쟁을 지나며 권력에 ?",http://www.yosan.co.kr/main/index.html,https://www.visitbusan.net/uploadImgs/files/cntnts/20191226105751809_ttiel,https://www.visitbusan.net/uploadImgs/files/cntnts/20191226105751809_thumbL,POINT (129.08571 35.27258),요산문학관,2641,-,"월요일, 국경일",화~일 10:00~17:00,"입장료 1,000원","점자블록, 휠체어 접근 가능"
35,부산광역시 동래구 명륜로98번길 129-10,박차정의사 생가는 동래구 낙민역에서 안내 표지판을 따라 걸음을 옮기기만 하면 쉽게 만날 수 있다. 주택가 골목 사이에 펄럭이는 태극기와 함께 소담한 생가가 자리하고 있다.박차정의사는,-,https://www.visitbusan.net/uploadImgs/files/cntnts/20191226110347271_ttiel,https://www.visitbusan.net/uploadImgs/files/cntnts/20191226110347271_thumbL,POINT (129.0904 35.201904),박차정의사 생가,2626,-,"월요일, 1월1일, 명절연휴, 임시공휴일",화~일 10:00~17:00,무료,-
36,부산광역시 동래구 우장춘로62번길 7,일본에서 나고 자란 농학자 우장춘 박사는 해방 후 한국정부의 초청으로 귀국한 뒤 일본에 의존할 수밖에 없었던 채소종자를 품종개량을 통해 국내 완전자급이 가능하도록 전력을 기울인 분?,-,https://www.visitbusan.net/uploadImgs/files/cntnts/20191226110901484_ttiel,https://www.visitbusan.net/uploadImgs/files/cntnts/20191226110901484_thumbL,POINT (129.07202 35.213547),우장춘 기념관,2626,-,"월요일, 1월 1일, 설?추석 연휴",화~일 09:00~18:00,무료,"장애인 주차장, 경사로 출입구 있음"
37,부산광역시 서구 남부민동 50-40,부산 산복도로의 추억을 공유하고 싶은 여행자에게 바다와 하늘과 도심을 모두 바라보는 누리바라기 전망대를 추천한다.부산항의 아름다운 풍경과 더불어 부산타워와 영도대교까지 조망할 ?,-,https://www.visitbusan.net/uploadImgs/files/cntnts/20191226113720642_ttiel,https://www.visitbusan.net/uploadImgs/files/cntnts/20191226113720642_thumbL,POINT (129.02019 35.09092),누리바라기전망대,2614,-,연중무휴,상시,무료,휠체어접근 가능
38,부산광역시 서구 천마산로410-6,1960~70년대 부산 자갈치시장을 주무대로 활동했던 다큐멘터리 사진작가 최민식 선생의 갤러리가 아미문화학습관 2층에 자리하고 있다.가난한 피란민의 고단한 생활상을 연출 없이 그대로 카메,-,https://www.visitbusan.net/uploadImgs/files/cntnts/20191226115628787_ttiel,https://www.visitbusan.net/uploadImgs/files/cntnts/20191226115628787_thumbL,POINT (129.01472 35.09833),최민식갤러리,2614,-,월요일,10:00~19:00,무료,-
39,부산광역시 수영구 수영성로 43,조선시대 남해안 수군지휘부 경상좌도수군절도사영이 있던 자리가 현재의 수영사적공원이다. 수군절도사영의 줄임말 ‘수영’이 현재의 지명으로 그대로 굳어졌다고 한다.역사적 상징성을 ?,http://www.suyeongminsok.or.kr,https://www.visitbusan.net/uploadImgs/files/cntnts/20191226132135171_ttiel,https://www.visitbusan.net/uploadImgs/files/cntnts/20191226132135171_thumbL,POINT (129.1143 35.170967),수영사적공원,2650,-,연중무휴,상시,무료,"장애인 주차구역, 장애인 화장실, 휠체어 접근 가능"
40,부산광역시 중구 복병산길32번길 5-11,살랑살랑 바람 불어 기분 좋은 날에는 부산기상관측소로 향해보자. 부산기상관측소는 1934년 당시 중구 일대에서 가장 높았던 복병산 자락으로 옮겨왔다. 이 건물은 일제강점기 근대건축물의 ?,-,https://www.visitbusan.net/uploadImgs/files/cntnts/20191226132812226_ttiel,https://www.visitbusan.net/uploadImgs/files/cntnts/20191226132812226_thumbL,POINT (129.03218 35.104973),부산기상관측소,2611,-,"토?일요일, 공휴일",월~금 10:00~16:00,무료,-
41,부산광역시 사하구 낙동남로 1240,"낙동강줄기와 남해 바닷물이 하나 되는 곳, 비옥한 토양과 민물 어패류의 생태적 보고, 넓은 지대와 풍부한 먹이 덕에 겨울 철새들이 모여드는 곳, 부산의 아름다운 섬, 을숙도를 찾았다. 을숙?",http://wetland.busan.go.kr,https://www.visitbusan.net/uploadImgs/files/cntnts/20191226143325464_ttiel,https://www.visitbusan.net/uploadImgs/files/cntnts/20191226143325464_thumbL,POINT (128.94283 35.107143),을숙도,2638,-,연중무휴,매일을숙도생태공원 야간출입 제한(20:00~익일 08:00),무료(주차요금 별도),"공통 : 장애인 화장실, 장애인 주차구역, 휠체어접근 가능을숙도문화회관, 현대미술관, 낙동강하구에코센터 : 점자블록, 엘리베이터, 휠체어대여 가능"
42,부산광역시 해운대구 센텀중앙로 42,"부산시청자미디어센터의 정회원이라면 누구나 1인 미디어의 꿈을 펼칠 수 있다. 방송제작에 필요한 교육부터, 영상장비 대여, 편집실과 녹음실 이용이 모두 무료이다. 학생들을 위한 맞춤형 ?",https://kcmf.or.kr/comc/busan/,https://www.visitbusan.net/uploadImgs/files/cntnts/20191226152407686_ttiel,https://www.visitbusan.net/uploadImgs/files/cntnts/20191226152407686_thumbL,POINT (129.1302 35.17255),부산시청자미디어센터,2635,-,"일요일, 공휴일",평일 10:00~22:00(토요일18:00까지),무료,"장애인 주차구역, 엘리베이터, 휠체어접근 가능, 장애인방송제작실, 휠체어 무료대여, 화면해설 제공, 배리어프리영상제작실"
43,부산광역시 북구 낙동북로 687,"교통안전교육도 받고 신나게 뛰어놀 수도 있는 곳, 어린이들의 천국, 구포어린이교통공원을 소개한다.어린이들의 교통안전 조기교육을 목적으로 현장중심의 체계적인 교육프로그램을 운영하",https://www.bsbukgu.go.kr/index.bsbukgu?menuCd=DOM_000000103001004001&cpath=,https://www.visitbusan.net/uploadImgs/files/cntnts/20191226182356876_ttiel,https://www.visitbusan.net/uploadImgs/files/cntnts/20191226182356876_thumbL,POINT (129.0008 35.200867),구포어린이교통공원,2632,-,"매주 일요일, 법정공휴일",평일 10:00~18:00(단체체험관람)주말(토요일) 10:00~13:00(개별자유관람),무료,"엘리베이터, 휠체어접근 가능"
44,부산광역시 북구 낙동북로 755,재미없고 지루한 법은 이제 안녕. 법을 쉽게 배우고 재미있게 체험할 수 있는 솔로몬로파크로 가자.솔로몬로파크는 법교육 테마공원으로 법놀이터와 법체험관으로 나누어 각각 다양한 체험과,http://www.lawnorder.go.kr/solomonbs/,https://www.visitbusan.net/uploadImgs/files/cntnts/20191226183133502_ttiel,https://www.visitbusan.net/uploadImgs/files/cntnts/20191226183133502_thumbL,POINT (129.00198 35.200798),부산솔로몬로파크,2632,-,"1월 1일, 명절연휴",*실내체험관 10:00~17:00 *야외놀이터-단체: 평일 10:00 ~ 17:00 -개인: 평일 15:00 ~ 17:00 / 주말 10:00 ~ 17:00,무료,"장애인 주차구역, 장애인 화장실, 점자블록, 엘리베이터, 휠체어접근 가능"
45,부산광역시 북구 학사로 128,지금은 거대한 해양관광수도의 상징이 되었지만 과거 부산은 조그만 어촌마을에 지나지 않았다. 오로지 바다와 낙동강에 삶을 의지하며 어촌문화를 꽃피운 선조들의 삶을 엿볼 수 있는 부산?,http://www.busan.go.kr/sea/onfolkintro,https://www.visitbusan.net/uploadImgs/files/cntnts/20191226184130120_ttiel,https://www.visitbusan.net/uploadImgs/files/cntnts/20191226184130120_thumbL,POINT (129.00859 35.234074),부산어촌민속관,2632,-,"매주 월요일, 1월 1일",화~일 09:00~18:00(입장마감 17:00),무료,"장애인 주차구역, 장애인전용 화장실, 엘리베이터, 휠체어접근 가능, 휠체어 무료대여, 안내견 동반 가능"
46,부산광역시 사상구 낙동대로 1231,유유히 흘러가는 낙동강 줄기 옆으로 삼락동 둔치에 넓게 자리 잡은 삼락생태공원. 넓이만 472만 2000㎡에 이르는 공원은 계절마다 각기 다른 매력을 뽐내며 방문객의 사랑을 받고 있다. 특히 부,-,https://www.visitbusan.net/uploadImgs/files/cntnts/20230602100722403_ttiel,https://www.visitbusan.net/uploadImgs/files/cntnts/20230602100722403_thumbL,POINT (128.97397 35.16884),삼락생태공원,2653,-,연중무휴,상시,무료,"장애인 주차장, 장애인 화장실, 휠체어접근 가능"
47,부산 서구 암남공원로 185,"소나무 숲 사이로 보이는 남해 바다.그 위로 비치는 햇빛.반짝이는 물결 사이로 떠 있는 배들의 모습.여행자의 마음에 여유를 선물하는 아름다운 곳, 암남반도 남쪽 끝자락에 위치한 암남공원?",-,https://www.visitbusan.net/uploadImgs/files/cntnts/20191227112720050_ttiel,https://www.visitbusan.net/uploadImgs/files/cntnts/20191227112720050_thumbL,POINT (129.01566 35.058804),"암남공원, 송도해안볼레길",2614,상시,연중무휴,매일,무료,"장애인 주차구역, 장애인 화장실, 휠체어접근 가능구간 있음"
48,부산광역시 사하구 장림로93번길 72,"해운대, 광안리 등 동부산에 비해 조명 받지 못하던 서부산이 최근 많이 사랑받고 있다. 부네치아그램 등 SNS를 통해 알려지기 시작한 장림포구는 부산의 베네치아, 즉 ‘부네치아’로 불리며 ?",https://www.saha.go.kr/tour/contents.do?mId=0107000000,https://www.visitbusan.net/uploadImgs/files/cntnts/20191227160751479_ttiel,https://www.visitbusan.net/uploadImgs/files/cntnts/20191227160751479_thumbL,POINT (128.95694 35.080727),장림포구 (부네치아),2638,-,연중무휴,-,"무료(카페이용, 체험비 별도)",휠체어접근 가능
49,부산광역시 강서구 가덕해안로 21,"그림 속 풍경처럼 눈이 시린 푸른 바다, 천혜의 자연경관, 그러나 아물지 않은 전쟁의 기억.여기는 가덕도다.낙동강 물줄기가 긴 여정을 끝내고 남해로 흘러드는 강 하구, 아름다운 모래섬 뒤?",-,https://www.visitbusan.net/uploadImgs/files/cntnts/20191227161822663_ttiel,https://www.visitbusan.net/uploadImgs/files/cntnts/20191227161822663_thumbL,POINT (128.8172 35.022896),가덕도,2644,-,연중무휴,상시,무료,일부 구간 휠체어접근 가능
50,부산광역시 강서구 가락대로 929,"다양한 종류의 테마파크가 있지만, ‘말 테마파크’로는 이 곳을 따라올 곳은 없다. 입구에서부터 역동적인 말 동상이 우리를 반기는 곳, 바로 렛츠런파크 부산경남이다.거대한 아치형 정문과",http://park.kra.co.kr/busan_main.do,https://www.visitbusan.net/uploadImgs/files/cntnts/20191227163229549_ttiel,https://www.visitbusan.net/uploadImgs/files/cntnts/20191227163229549_thumbL,POINT (128.87521 35.1566),렛츠런파크 부산경남,2644,-,월~화,수~일 09:30~18:00,"경마경기일 2,000원비경마경기일 무료조랑말 승마체험 2,000원슬레드힐 2,000원","엘리베이터, 장애인 화장실"
51,부산광역시 기장군 기장읍 동부산관광6로 59,"114만 명, 국립부산과학관 유치서명을 할 때 참가한 부산시민의 숫자라고 한다. 부산인구가 350만 명 쯤 되니까, 얼마나 많은 부산시민들이 과학관을 원했는지 느낄 수 있다. 이렇게 큰 관심과 ?",https://www.sciport.or.kr/kor/Main.do,https://www.visitbusan.net/uploadImgs/files/cntnts/20230901132543063_ttiel,https://www.visitbusan.net/uploadImgs/files/cntnts/20230901132543063_thumbL,POINT (129.2127 35.20468),국립부산과학관,2671,-,"매주 월요일, 1월 1일, 설날?추석 당일",화~일 09:30~17:30(입장 16:30분까지),연령별 상이(홈페이지 참조),"장애인 화장실, 엘리베이터, 장애인 주차구역, 경사로, 휠체어접근 가능"
52,부산광역시 부산진구 중앙대로 818,"도심 한가운데 아름다운 숲과 실개천을 간직한 송상현광장, 산들바람 부는 날에 메타세쿼이아 나무 아래에서 나만의 여유를 즐기기에 안성맞춤인 곳이다. 카페와 야외공연장 등 편의시설도 ?",http://www.songsanghyeon.com/song/Main.do,https://www.visitbusan.net/uploadImgs/files/cntnts/20191227175243198_ttiel,https://www.visitbusan.net/uploadImgs/files/cntnts/20191227175243198_thumbL,POINT (129.06595 35.166397),송상현광장,2623,-,-,상시,무료,"장애인 주차구역, 장애인 화장실, 점자블록(화장실입구), 휠체어 접근 가능, 엘리베이터"
53,부산광역시 부산진구 새싹로 295,아이와 함께라면? 일단 어린이대공원으로 가자.부산 어린이대공원이 아름다운 순환산책로의 탄생과 함께 가족 방문객들의 최애 장소로 변모했다. 어린이회관에 이르는 길은 오르막이긴 하지?,http://bschildpark.bisco.or.kr/,https://www.visitbusan.net/uploadImgs/files/cntnts/20191227180139517_ttiel,https://www.visitbusan.net/uploadImgs/files/cntnts/20191227180139517_thumbL,POINT (129.04153 35.184998),어린이대공원,2623,-,연중무휴,상시,무료,"장애인 주차구역, 장애인 화장실, 휠체어접근 가능, 휠체어 무료대여, 엘리베이터, 안내견 동반 가능"
54,부산광역시 부산진구 국악로2,부산?영남 지역의 정서가 담긴 전통 공연뿐 아니라 전국 팔도의 흥을 모아 새로운 국악의 얼굴을 보여주는 국립부산국악원. 우리 가락과 함께 신명나는 국악의 향연이 일 년 내내 펼쳐지는 곳?,http://busan.gugak.go.kr/,https://www.visitbusan.net/uploadImgs/files/cntnts/20191227181259877_ttiel,https://www.visitbusan.net/uploadImgs/files/cntnts/20191227181259877_thumbL,POINT (129.05424 35.17132),국립부산국악원,2623,-,연중무휴,매일 09:00~22:00,공연별 상이,"장애인 주차구역, 장애인 화장실, 점자손잡이, 점자블록, 엘리베이터, 휠체어 접근 가능. 휠체어 무료대여, 오디오가이드, 장애인 전용 관람석"
55,부산광역시 부산진구 초읍천로43번길 77,산새 아름다운 백양산 자락에 웅장한 자태 뽐내며 아랫동네를 품에 가득 안고 있는 삼광사. 규모가 큰 사찰이지만 관음기도도량으로 조용히 기도를 드리는 사람이 많다. 부처님 진신사리가 봉,http://www.samkwangsa.or.kr/index2.php,https://www.visitbusan.net/uploadImgs/files/cntnts/20191227184611977_ttiel,https://www.visitbusan.net/uploadImgs/files/cntnts/20191227184611977_thumbL,POINT (129.04338 35.175694),삼광사,2623,-,연중무휴,상시,무료,휠체어 접근 가능
56,청사포 부산광역시  해운대구 청사포로128번길 25미포 부산광역시 해운대구 달맞이길62번길,"분명히 부산 시내에 있지만 멀리 떨어진 어촌마을로 온 듯한 기분을 선사해주는 청사포와 미포, 그 소박한 풍경 속으로 떠난다.청사포의 ‘청사’는 ‘푸른 모래’ 라는 뜻이다. 이름만 들어?",-,https://www.visitbusan.net/uploadImgs/files/cntnts/20191227190325222_ttiel,https://www.visitbusan.net/uploadImgs/files/cntnts/20191227190325222_thumbL,POINT (129.19138 35.1602),청사포와 미포,2635,-,연중무휴,상시,무료,"장애인 주차구역, 휠체어 접근 가능"
57,부산광역시 부산진구 시민공원로 73,"군부대와 공원. 정반대에 놓여있는 느낌의 두 단어다. 하지만 군부대가 공원으로 다시 태어난 곳이 있으니, 바로 부산시민공원이다. 광복 후 미군 하야리아 부대로 이 땅이 불린지 70여 년 만에",http://citizenpark.or.kr/,https://www.visitbusan.net/uploadImgs/files/cntnts/20191227194942971_ttiel,https://www.visitbusan.net/uploadImgs/files/cntnts/20191227194942971_thumbL,POINT (129.05739 35.16841),부산시민공원,2623,-,연중무휴,매일 05:00 - 24:00,무료,"휠체어접근 가능, 휠체어 대여, 장애인 화장실, 전동보장구 급속충전기, 엘리베이터"
58,부산광역시 부산진구 엄광로 491,"부산의 특색 중 하나로 산복도로가 꼽히고, 그 중 가장 유명한 곳을 꼽자면 감천문화마을이 있다. 그리고 또 떠오른 산복도로 마을이 있으니 바로 드라마 ‘쌈마이웨이’ 촬영지로 알려진 호?",-,https://www.visitbusan.net/uploadImgs/files/cntnts/20191227202219554_ttiel,https://www.visitbusan.net/uploadImgs/files/cntnts/20191227202219554_thumbL,POINT (129.05106 35.144295),"호천마을(한,영,중간,중번,일)",2623,-,연중무휴,상시,무료,-
59,부산광역시 영도구 신선동3가 산3,"봉황이 내려온다는 산 이름이 너무 거창하다고? 봉래산에 올라 마침내 그 풍광을 가지는 순간 이름에 대한 의구심은 사라진다.울퉁불퉁 바위 사이 가파른 경사를 오르기도 하고, 스멀스멀 물?",-,https://www.visitbusan.net/uploadImgs/files/cntnts/20191227202829011_ttiel,https://www.visitbusan.net/uploadImgs/files/cntnts/20191227202829011_thumbL,POINT (129.05524 35.08219),"봉래산(한,영,중간,중번,일)",2620,-,연중무휴,상시,무료,-
60,부산광역시 해운대구 마린시티1로 91,슬레이트는 이미 준비됐다. 신(scene) 넘버 원 영화의 거리 ‘레디~~ 액션!’천만관객을 이끈 많은 영화들이 부산에서 촬영한 거라고? 어떤 영화들이 있을까? 영화의 거리에서 정답 확인!‘넌 감?,-,https://www.visitbusan.net/uploadImgs/files/cntnts/20191227203859552_ttiel,https://www.visitbusan.net/uploadImgs/files/cntnts/20191227203859552_thumbL,POINT (129.14278 35.154633),영화의 거리,2635,-,연중무휴,상시,무료,-
61,부산광역시 해운대구 수영강변대로 85,"변화 없는 일상이 지루할 때, 혹은 변화무쌍한 매일이 지칠 때.책 한권 달랑 들고 조용한 APEC나루공원으로 간다. 수영강변 따라 뻗어 있는 도심 속 작은 공원이지만 책을 읽을 수 있는 테이블도",-,https://www.visitbusan.net/uploadImgs/files/cntnts/20191227204420832_ttiel,https://www.visitbusan.net/uploadImgs/files/cntnts/20191227204420832_thumbL,POINT (129.12564 35.170307),APEC나루공원,2635,-,연중무휴,상시,무료,"장애인 주차구역, 장애인 화장실, 휠체어접근 가능"
62,부산광역시 중구 동광길49,"정든 산천 떠나와 40계단 층층대에 앉아 울던 나그네는 어떻게 되었을까.고향 길이 열리기만 사무치게 기다리던 모든 피난민의 삶의 터전, 그들이 남긴 삶의 애환을 느끼며 40계단을 걸어보자.?",http://www.bsjunggu.go.kr/tour/index.junggu?menuCd=DOM_000000208001001000&link=success&cpath=%2Ftour,https://www.visitbusan.net/uploadImgs/files/cntnts/20191229141716592_ttiel,https://www.visitbusan.net/uploadImgs/files/cntnts/20191229141716592_thumbL,POINT (129.03534 35.104343),"40계단, 문화관",2611,-,"연중무휴40계단 문화관 : 매주 월요일, 국경일, 명절",상시(40계단 문화관 평일 10:00~18:00 / 토?일 10:00~17:00),무료,"40계단 문화관 : 점자블록, 엘리베이터, 장애인용 화장실, 휠체어접근 가능"
63,부산광역시 사하구 감내2로 203,"하늘에 금방이라도 닿을 것만 같은 형형색색의 지붕, 마을 전체를 덮고 있는 따뜻한 분위기. 질서정연하게 늘어선 계단식 마을이 독특한 아름다움을 선사하는 감천문화마을이다. 지금은 이렇?",https://www.gamcheon.or.kr/,https://www.visitbusan.net/uploadImgs/files/cntnts/20191229142305006_ttiel,https://www.visitbusan.net/uploadImgs/files/cntnts/20191229142305006_thumbL,POINT (129.00926 35.095787),감천문화마을,2638,-,연중무휴,09:00 ~ 18:00 (3월-10월)09:00 ~ 17:00 (11월-2월),무료(주차요금 별도),"장애인화장실, 장애인주차장"
64,부산광역시 사하구 몰운대1길 14,"낙동강과 남해안이 만나 양질의 모래밭을 만든 곳, 일출과 일몰 조망지로 부산 최고인 곳, 다대포해수욕장은 자연이 주는 황홀경을 맘껏 즐길 수 있는 기분 좋은 장소이다.다대포해수욕장의 ?",https://www.saha.go.kr/tour/contents.do?mId=0101030000(다대포해수욕장)https://www.saha.go.kr/tour/contents.do?mId=0609000000(낙조분수),https://www.visitbusan.net/uploadImgs/files/cntnts/20191229143230630_ttiel,https://www.visitbusan.net/uploadImgs/files/cntnts/20191229143230630_thumbL,POINT (128.96283 35.04652),다대포 해수욕장,2638,2023.07.01 ~ 08.31,다대포해수욕장 : 연중무휴낙조분수: 월요일,다대포해수욕장 : 매일낙조분수 : 4월 말~10월(매주 화~일),무료(주차요금 별도),"장애인 화장실, 장애인 주차구역, 휠체어접근 가능, 저상버스접근 가능(11번)"
65,부산광역시 중구 대청로126번길 12,"영화의 도시 부산에 ‘봄’이 왔다.봄(BOM)은 Busan museum Of Movies의 줄임말로 영화의 모든 것을 보고, 느끼고, 즐기는 영화관련 전문체험관이다.매년 부산국제영화제가 개최되고 영화촬영지로서 ?",http://www.busanbom.kr,https://www.visitbusan.net/uploadImgs/files/cntnts/20191229144834500_ttiel,https://www.visitbusan.net/uploadImgs/files/cntnts/20191229144834500_thumbL,POINT (129.0337 35.101692),부산영화체험박물관/트릭아이뮤지엄부산,2611,-,"매주 월요일, 신정?설날?추석 당일",화 ~ 일 / 10:00 ~ 18:00 (입장 17:00),체험별?연령별 상이(홈페이지 참조),"장애인 화장실, 장애인 주차구역, 엘리베이터, 점자블록, 음성안내기, 휠체어접근 가능, 안내견동반 가능"
66,부산광역시 중구 용두산길 37-55,"용두산공원이 거기 있기 때문에 부산으로 간다?맞다. 요즘은 용두산공원이 부산여행의 이유가 되었다.부산 동부권역에 명소 해운대가 있다면 중부권에는 역시 남포동이 최고의 핫플레이스, ?",https://www.bisco.or.kr/yongdusanpark/,https://www.visitbusan.net/uploadImgs/files/cntnts/20191229145728609_ttiel,https://www.visitbusan.net/uploadImgs/files/cntnts/20191229145728609_thumbL,POINT (129.03264 35.100723),용두산공원,2611,-,연중무휴(부산타워는 기상 등의 이유로 변경될 수 있음),부산타워 10:00~22:00(발권마감 21:30),무료(부산타워 입장료 별도-홈페이지 참조),"점자블록, 엘리베이터, 안내견동반 가능, 장애인 주차구역, 장애인 화장실, 휠체어접근 가능, 휠체어 대여, 음성안내 가이드"
67,부산광역시 영도구 태종로 46,영도다리 난간에 수없이 펄럭이던 저마다의 사연은 사라진지 오래되었지만 아직도 그 시절을 떠올리면 눈가가 젖어오는 사람들.전쟁통에 가족과 생이별할 때 무조건 살아남아 영도다리에서 ?,-,https://www.visitbusan.net/uploadImgs/files/cntnts/20191229150331682_ttiel,https://www.visitbusan.net/uploadImgs/files/cntnts/20191229150331682_thumbL,POINT (129.03656 35.095295),영도다리,2620,-,-,-,무료,휠체어접근 가능
69,부산 남구 황령산로 391-39,"부산의 4개 구에 걸쳐 자리한 황령산, 도심을 감싸며 시원하게 뻗어 내린 산맥이 초록의 울창한 숲을 선물처럼 내어준다. 숲길 걷기 좋아하는 등산객들에겐 숲과 바람과 하늘을 내어주고, 야경",-,https://www.visitbusan.net/uploadImgs/files/cntnts/20191229151710512_ttiel,https://www.visitbusan.net/uploadImgs/files/cntnts/20191229151710512_thumbL,POINT (129.08269 35.158115),황령산 전망쉼터,2629,-,명절 당일,10:00~23:00,무료,"장애인 주차구역, 장애인 화장실"
70,부산 수영구 구락로123번길 20,누구나 ‘나만 알고 싶은 공간’을 가지고 있기 마련이다. 그러나 이번만큼은 수영구의 숨겨진 아지트를 공개해도 좋겠다. 복합문화공간 F1963을 소개한다.F1963은 공장을 뜻하는 Factory의 앞 글?,http://www.f1963.org/ko/,https://www.visitbusan.net/uploadImgs/files/cntnts/20191229152254942_ttiel,https://www.visitbusan.net/uploadImgs/files/cntnts/20191229152254942_thumbL,POINT (129.11496 35.176933),F1963,2650,-,-,월~일/09:00 ~ 21:00(매장별 운영시간 상이),무료(주차요금 별도),"장애인 주차구역, 휠체어접근 가능"
71,부산광역시 해운대구 해운대해변로 264,"부산하면 가장 먼저 떠오르는 것, 바다! 그중에서도 부산 바다의 정석으로 불리는 곳은 단연 해운대해수욕장이다. 여름은 물론이요, 사시사철 부산을 찾는 관광객들의 발걸음이 한 번쯤은 머?",http://sunnfun.haeundae.go.kr/,https://www.visitbusan.net/uploadImgs/files/cntnts/20191229153530528_ttiel,https://www.visitbusan.net/uploadImgs/files/cntnts/20191229153530528_thumbL,POINT (129.15987 35.158474),해운대,2635,2023.06.01 ~ 08.31,-,매일 09:00~18:00,무료,"휠체어 접근 가능, 안내견 동반 가능, 장애인 주차구역, 장애인 화장실, 휠체어 무료 대여"
72,부산광역시 수영구 광안해변로 219,광안대교라는 랜드마크와 함께 부산을 대표하는 해수욕장 중 하나로 꼽히는 광안리 해수욕장. 도심과 가장 가까운 해변이자 부산 젊은이들의 성지라 할 수 있다.전국에서 모여드는 이들의 입?,http://www.suyeong.go.kr/tour/index.suyeong,https://www.visitbusan.net/uploadImgs/files/cntnts/20191229160529389_ttiel,https://www.visitbusan.net/uploadImgs/files/cntnts/20191229160529389_thumbL,POINT (129.11887 35.15318),광안리 해수욕장,2650,2023.07.01 ~ 08.31,연중무휴,상시,무료,"장애인 화장실, 휠체어 접근 가능, 도시철도 접근 가능, 저상버스 접근 가능"
73,부산광역시 금정구 금성동,서울에 북한산이 있다면 부산에는 금정산이 있다. 이 산은 부산 금정구에서 북구 그리고 경남 양산시까지 넓은 지역에 걸쳐 있다. 그렇다 보니 부산 도심은 물론이고 외곽 지역에서도 쉽게 접?,-,https://www.visitbusan.net/uploadImgs/files/cntnts/20191230180640227_ttiel,https://www.visitbusan.net/uploadImgs/files/cntnts/20191230180640227_thumbL,POINT (129.0512 35.280136),금정산,2641,-,연중무휴,상시,무료,-
74,부산 동래구 우장춘로 155,"부산시민공원이 생기기 전, 부산에서 가장 유명한 공원은 바로 이곳이었다. 모든 부산 사람의 기억에 자리 잡고 있는 금강공원과 금강식물원이다.일본 상인이 금정산자락의 일부를 자신의 개?",http://geumgangpark.bisco.or.kr,https://www.visitbusan.net/uploadImgs/files/cntnts/20191230181126685_ttiel,https://www.visitbusan.net/uploadImgs/files/cntnts/20191230181126685_thumbL,POINT (129.07494 35.22047),금강공원&식물원,2626,-,연중무휴,금강공원 상시금강식물원 08:00~17:00,금강공원 무료금강식물원 유료(연령별 상이),"장애인 화장실, 장애인 주차구역, 휠체어접근 가능"
75,부산광역시 금정구 범어사로 250,"부산 금정구 범어사는 해인사, 통도사와 함께 영남의 3대 사찰로 꼽힌다. 신라 문무왕 때 건축됐으며 역사적으로도 많은 고승을 배출한 수행사찰로 유명하다. 특히 아름다운 계곡과 빼어난 산?",http://www.beomeo.kr/,https://www.visitbusan.net/uploadImgs/files/cntnts/20191230190101989_ttiel,https://www.visitbusan.net/uploadImgs/files/cntnts/20191230190101989_thumbL,POINT (129.06854 35.283646),범어사,2641,-,연중무휴,상시,무료,"장애인 주차구역, 장애인 화장실"
76,"부산광역시 동래구 명륜, 복천, 칠산, 명장, 안락동 일대","동래라는 이름은 역사가 깊은 이름이다. 본디 조선시대까지만 해도 동래의 일부가 부산이었지만, 일제강점기를 거치며 입장이 바뀌어버렸다. 일제강점기가 없었다면 ‘동래광역시 부산구’ ?",-,https://www.visitbusan.net/uploadImgs/files/cntnts/20191230194923757_ttiel,https://www.visitbusan.net/uploadImgs/files/cntnts/20191230194923757_thumbL,POINT (129.08997 35.20975),동래읍성,2626,-,매주 월요일,화~일 09:00 ~ 18:00,무료,-
77,부산 동구 중앙대로179번길 11,부산 상해거리는 동구 초량동에 위치한 중국인 최대 거주지역이다.일제강점기를 지나면서 중국인들이 하나둘 이주해 형성되기 시작한 거리인데 과거 중국 영사관이 있기도 했다. 상해거리는,-,https://www.visitbusan.net/uploadImgs/files/cntnts/20191230203235198_ttiel,https://www.visitbusan.net/uploadImgs/files/cntnts/20191230203235198_thumbL,POINT (129.03786 35.113808),상해거리,2617,-,연중무휴,상시(가게별 상이),무료(음식주문 별도),"장애인 주차구역, 휠체어접근 가능"
78,부산광역시 동구 증산로 168,그림 밖에 몰랐던 천재화가 이중섭이 전쟁의 포화를 피해 부산으로 피난 와 정착한 곳. 허름한 판잣집이 다닥다닥 붙어 있던 범일동 산비탈에서도 그림에 대한 열정은 계속되었다.이중섭 전망,-,https://www.visitbusan.net/uploadImgs/files/cntnts/20191230205059771_ttiel,https://www.visitbusan.net/uploadImgs/files/cntnts/20191230205059771_thumbL,POINT (129.05289 35.14069),이중섭문화거리,2617,-,연중무휴,상시,무료,-
79,부산광역시 동래구 복천로 63,"복천동의 오래된 주택가 재개발 지역에서 그보다 훨씬 더 오래된 가야시대 무덤 40기가 발견되었다. 도굴의 흔적이 없는 완벽한 가야 왕국의 고분으로 금동관, 토기, 갑옷, 투구 등 수많은 유물",http://museum.busan.go.kr/bokcheon/,https://www.visitbusan.net/uploadImgs/files/cntnts/20191230205640434_ttiel,https://www.visitbusan.net/uploadImgs/files/cntnts/20191230205640434_thumbL,POINT (129.09116 35.208885),"복천박물관, 복천동고분군",2626,-,"월요일, 1월 1일",09:00 ~ 18:00 (입장 17:00까지),무료,"점자블록, 장애인용 엘리베이터, 경사로, 장애인 주차구역, 장애인 화장실, 휠체어접근 가능, 휠체어 대여"
80,부산광역시 해운대구 APEC로 55,부산에서 제법 규모가 있는 행사나 박람회는 모두 이곳에서 열린다. 바로 국제적인 규모를 자랑하는 전시컨벤션센터 벡스코(BEXCO)다. 체험 형태의 전시 뿐 아니라 다양한 문화공연과 행사가 365,http://www.bexco.co.kr,https://www.visitbusan.net/uploadImgs/files/cntnts/20191230210019945_ttiel,https://www.visitbusan.net/uploadImgs/files/cntnts/20191230210019945_thumbL,POINT (129.13628 35.169247),벡스코,2635,-,연중무휴,행사별 상이(홈페이지 참조),행사별 상이(홈페이지 참조),"장애인 전용 관람석, 점자블록, 엘리베이터, 장애인 주차구역, 휠체어접근 가능, 장애인 화장실"
81,부산광역시 해운대구 수영강변대로 120,"아시아를 넘어 세계적으로 인정받는 부산국제영화제, 부산이 영화의 도시라 불리는 가장 큰 이유다. 그리고 또 하나, 빅루프의 LED조명과 함께 부산의 랜드마크가 된 영화의 전당이 있다. 영화?",http://www.dureraum.org,https://www.visitbusan.net/uploadImgs/files/cntnts/20191230210358362_ttiel,https://www.visitbusan.net/uploadImgs/files/cntnts/20191230210358362_thumbL,POINT (129.12703 35.171055),영화의 전당,2635,-,연중무휴,매일 / 프로그램별 상이(홈페이지 참조),프로그램별 상이(홈페이지 참조),"장애인 전용 관람석, 점자블록, 엘리베이터, 장애인 주차구역, 휠체어접근 가능, 장애인 화장실"
82,부산광역시 기장군 장안읍 장안로 482,"1,300여 년이 넘는 시간동안 불광산 자락을 조화롭게 지키고 있는 장안사는 해골물 일화로 유명한 원효대사가 창건했다고 전해진다. 뒤로는 불광산을, 앞으로는 장안사 계곡을 품고 있는 장안?",-,https://www.visitbusan.net/uploadImgs/files/cntnts/20191231091948765_ttiel,https://www.visitbusan.net/uploadImgs/files/cntnts/20191231091948765_thumbL,POINT (129.23288 35.374046),"장안사(한,영,중간,중번,일)",2671,-,-,상시,무료,"장애인 화장실, 장애인 주차구역, 휠체어접근 가능, 점자블록(화장실 입구)"
83,부산광역시 부산진구 당감동,"부산의 사상구, 북구, 부산진구를 아우르는 백양산은 부산의 많은 산들 중 유독 등산객들이 사랑하는 곳이다. 어디를 가도 코스가 잘 정비돼 있어 등산뿐만 아니라 산악자전거나 산악오토바이",-,https://www.visitbusan.net/uploadImgs/files/cntnts/20191231092729834_ttiel,https://www.visitbusan.net/uploadImgs/files/cntnts/20191231092729834_thumbL,POINT (129.02196 35.182827),백양산,2623,-,연중무휴,상시,무료,-
84,부산광역시 부산진구 새싹로 295,"울창한 나무숲, 고즈넉한 호수, 그리고 피톤치드 가득한 산책로까지.부산 어린이대공원 안에 위치한 성지곡수원지는 부산 시민이라면 누구나 추억 한 자락 간직하지 않은 이가 없을 정도로 예",http://bschildpark.bisco.or.kr/,https://www.visitbusan.net/uploadImgs/files/cntnts/20191231100856743_ttiel,https://www.visitbusan.net/uploadImgs/files/cntnts/20191231100856743_thumbL,POINT (129.04105 35.187065),성지곡수원지,2623,-,연중무휴,상시,무료,"장애인 주차구역, 장애인 화장실, 휠체어접근 가능, 휠체어 무료대여, 엘리베이터, 안내견 동반 가능"
85,부산광역시 해운대구 좌동 1390(대천공원),부산의 도심에서 남해 바다를 내려다보며 우뚝 솟아 있는 장산은 그 범위가 넓어 다양한 등산 코스가 만들어져 있다. 해운대 마린시티와 광안대교를 조망하며 장산 정상으로 오르는 약 3시간?,-,https://www.visitbusan.net/uploadImgs/files/cntnts/20191231101745599_ttiel,https://www.visitbusan.net/uploadImgs/files/cntnts/20191231101745599_thumbL,POINT (129.14497 35.193577),"장산(한,영,중간,중번,일)",2635,-,-,상시,무료,-
86,부산광역시 북구 만덕고개길 143-79,"부산이 간직한 많은 풍경 중에서도 금정산에서 백양산으로 이어지는 능선의 절경은 무척이나 아름답다. 그리고 그 가운데 100미터가 넘는 암벽에 둘러싸여있는 고즈넉한 사찰, 석불사가 있다.?",-,https://www.visitbusan.net/uploadImgs/files/cntnts/20191231102223413_ttiel,https://www.visitbusan.net/uploadImgs/files/cntnts/20191231102223413_thumbL,POINT (129.04861 35.221504),석불사,2632,-,연중무휴,상시,무료,-
87,부산광역시 금정구 수원지로,"회동수원지는 면적이 큰 만큼 강과 호수, 숲이 어우러진 명품 산책로를 간직하고 있다. 사람들의 발길이 오랜 시간 머물지 않아 자연 그대로를 담고 있는 곳으로 땅뫼산 황토숲길, 편백나무숲,",http://www.geumjeong.go.kr/tour/index.geumj?menuCd=DOM_000000412001003000,https://www.visitbusan.net/uploadImgs/files/cntnts/20191231105906594_ttiel,https://www.visitbusan.net/uploadImgs/files/cntnts/20191231105906594_thumbL,POINT (129.11096 35.259056),"회동수원지(한,영,중간,중번,일)",2641,-,연중무휴,상시,무료,"장애인 화장실, 장애인 주차구역"
88,부산광역시 동래구 동래로 103(동래향교)부산광역시 기장군 기장읍 차성로417번길 35(기장향교),향교는 조선시대 지방 교육기관으로 중국과 조선 유학자들의 위패를 모시고 유학을 가르친 곳이다. 당시 각 지방 향교는 조선의 교육 기관으로 중추적 역할을 담당하며 인재를 양성해 왔다.부,-,https://www.visitbusan.net/uploadImgs/files/cntnts/20191231111302355_ttiel,https://www.visitbusan.net/uploadImgs/files/cntnts/20191231111302355_thumbL,POINT (129.0841 35.207752),"동래향교, 기장향교",2671,-,연중무휴,상시,무료,-
89,부산광역시 강서구 천성동,예로부터 더덕이 많이 나서 붙여졌다는 이름 가덕도는 부산에 속한 섬 중 가장 큰 섬이지만 서쪽 제일 끝에 위치해 있어 일부 사람들에게는 낯선 곳이기도 했다. 하지만 가덕도는 신석기 시대?,-,https://www.visitbusan.net/uploadImgs/files/cntnts/20191231180337567_ttiel,https://www.visitbusan.net/uploadImgs/files/cntnts/20191231180337567_thumbL,POINT (128.83395 35.026875),가덕도 연대봉,2644,-,연중무휴,상시,무료,-
90,부산광역시 사하구 당리동 산 45-1,가을이 되면 하얀 억새군락이 멋진 장관을 연출하는 승학산은 가을 트레킹의 필수 코스 중 하나다. 능선을 따라 드넓게 펼쳐진 승학산의 초원에는 햇빛을 받아 황금빛으로 하늘거리는 억새풀?,-,https://www.visitbusan.net/uploadImgs/files/cntnts/20191231181104098_ttiel,https://www.visitbusan.net/uploadImgs/files/cntnts/20191231181104098_thumbL,POINT (128.97968 35.116604),승학산 억새평원,2638,-,연중무휴,상시,무료,-
91,부산광역시 기장군 장안읍 대룡1길 17,바쁜 일상을 떠나 조용히 산책을 하고 싶은 날. 한적한 교외에 있는 대룡마을은 북적이는 도심에서 한 발 떨어져 여유와 낭만을 즐기기 딱 좋은 곳이다. 많은 문화 예술인들이 모여 예술을 꽃?,-,https://www.visitbusan.net/uploadImgs/files/cntnts/20191231184354051_ttiel,https://www.visitbusan.net/uploadImgs/files/cntnts/20191231184354051_thumbL,POINT (129.26433 35.371174),대룡마을,2671,-,연중무휴,상시,무료,휠체어접근 가능
92,부산광역시 서구 대신공원로 37-18,수령 높은 노목들이 오색찬란하게 빛을 발하는 도심 속 휴식 공간 대신공원은 대한민국 아름다운 숲 대회에서 누리상을 수상한 숲이기도 하다. 그만큼 울창한 숲과 맑은 계곡을 지닌 자연 그?,-,https://www.visitbusan.net/uploadImgs/files/cntnts/20191231192024538_ttiel,https://www.visitbusan.net/uploadImgs/files/cntnts/20191231192024538_thumbL,POINT (129.01564 35.12181),대신공원,2614,-,연중무휴,상시,무료,휠체어접근 가능
93,부산광역시 북구 산성로 299,부산의 명산 금정산 자락에 사뿐히 내려앉은 화명수목원. 계곡을 채워 흐르는 시원한 물줄기와 산내음 가득한 바람이 기분 좋은 하루를 만들어 주는 곳. 수목원 곳곳이 산책로이자 쉼터인 덕?,https://www.busan.go.kr/green/index,https://www.visitbusan.net/uploadImgs/files/cntnts/20191231192531286_ttiel,https://www.visitbusan.net/uploadImgs/files/cntnts/20191231192531286_thumbL,POINT (129.04205 35.25257),화명수목원,2632,-,"월요일, 1월 1일, 추석?설 당일",화~일09:00~18:00(3~10월)09:00~17:00(11~2월),무료,"휠체어접근 가능, 장애인 주차구역, 장애인 화장실, 휠체어대여 가능"
94,부산광역시 부산진구 백양산로 138,몸도 마음도 맑아지게 만드는 천년고찰 선암사가 백양산 숲 한가운데 고즈넉이 앉았다. 신라시대 원효대사가 창건하였다고 하니 그 오랜 세월을 가늠하는 것은 어렵지 않다.조용하고 한적한 ?,http://www.sunamsa.or.kr,https://www.visitbusan.net/uploadImgs/files/cntnts/20191231193124555_ttiel,https://www.visitbusan.net/uploadImgs/files/cntnts/20191231193124555_thumbL,POINT (129.02771 35.176968),선암사,2623,-,연중무휴,상시,무료,-
95,부산광역시 사상구 모라로219번길 173,"이름에서 알 수 있듯 구름과 물이 좋기로 소문난 운수사, 그래서 수행하기 좋은 도량으로 천년이나 이어져 왔나보다.하늘을 덮은 고목에서 뿜어 나오는 싱그러움이 산책로를 가득 채운다. 국?",http://www.woonsoosa.co.kr,https://www.visitbusan.net/uploadImgs/files/cntnts/20191231193736138_ttiel,https://www.visitbusan.net/uploadImgs/files/cntnts/20191231193736138_thumbL,POINT (129.01346 35.18432),운수사,2653,-,연중무휴,상시,무료,장애인 화장실
96,부산광역시 금정구 체육공원로399번길 324,"지난 2002년 부산 아시안게임 경기장으로 만들어졌던 스포원파크. 아시안게임 당시 농구 예선 경기와 테니스, 사이클 경기가 열렸던 이곳은 아시안게임이 끝난 후 부산 시민과 함께하는 ‘개방",http://www.spo1.or.kr/,https://www.visitbusan.net/uploadImgs/files/cntnts/20191231201409836_ttiel,https://www.visitbusan.net/uploadImgs/files/cntnts/20191231201409836_thumbL,POINT (129.10487 35.291504),스포원파크,2641,-,"공원 연중무휴스포츠센터 매주 2, 4주 월요일",홈페이지 참조,홈페이지 참조,"엘리베이터, 장애인 주차구역, 휠체어접근 가능, 휠체어대여 가능"
97,부산광역시 남구 우암번영로 19,"분명히 시간은 세월의 흐름을 재촉하고 있었을 텐데 이곳의 시간은 더디게만 흘렀나보다. 다닥다닥 붙은 낡고 좁은 집, 그 사이를 가로지르는 한 뼘 만 한 골목. 색다른 풍경이 레트로 감성을 ?",-,https://www.visitbusan.net/uploadImgs/files/cntnts/20200101164518953_ttiel,https://www.visitbusan.net/uploadImgs/files/cntnts/20200101164518953_thumbL,POINT (129.07018 35.1256),우암동 소막마을,2629,-,-,상시,무료,일부구간 휠체어접근 가능
98,부산광역시 동래구 충렬대로 345,"반듯하고 정갈한 분위기의 부산 충렬사, 뒤로는 망월산의 짙은 녹음이 충렬사를 감싸고 앞으로는 부산의 도심이 마주하고 있다. 본전까지 쭉 뻗어나간 대로를 따라 잘 정돈된 정원수와 예쁜 ?",http://www.busan.go.kr/cys/index,https://www.visitbusan.net/uploadImgs/files/cntnts/20200102125306322_ttiel,https://www.visitbusan.net/uploadImgs/files/cntnts/20200102125306322_thumbL,POINT (129.09607 35.20119),"충렬사(한,영,중간,중번,일)",2626,-,연중무휴,09:00~20:00본전/기념관 09:00~18:00,무료,"장애인 주차구역, 장애인 화장실, 휠체어접근 가능"
99,부산광역시 부산진구 동천로 70 2층 207호,"2018년, 전포카페거리 근처에 부산 최초 커피전문박물관이 문을 열었다.심플한 외관을 뒤로 하고 계단을 오르면 2층 끝에 부산커피박물관이 있다. 관장님이 커피의 역사와 문화를 널리 알리고?",-,https://www.visitbusan.net/uploadImgs/files/cntnts/20200102141456051_ttiel,https://www.visitbusan.net/uploadImgs/files/cntnts/20200102141456051_thumbL,POINT (129.06453 35.15433),부산커피박물관,2623,-,"주말, 국경일",월~금 10:00~17:00,무료,-
100,부산광역시 사상구 낙동대로1258번길 36,사상생활사박물관은 근대 부산경제의 중심지였던 사상지역과 그 생활사를 소개하고 주민 간 소통을 이어가기 위해 건립되었다.상설전시관은 낙동강과 함께 세월을 지나온 사상의 옛 모습과 ?,http://www.sasang.go.kr/lmuseum/index.sasang,https://www.visitbusan.net/uploadImgs/files/cntnts/20200102142920888_ttiel,https://www.visitbusan.net/uploadImgs/files/cntnts/20200102142920888_thumbL,POINT (128.97871 35.172),사상생활사박물관,2653,-,월요일,화~일 09:00~18:00(입장은 17:30분까지),무료,"점자안내판(입구), 엘리베이터"
101,부산광역시 동래구 사직로 45,"부산하면 야구, 야구하면 부산을 떠올릴 정도로 부산의 야구사랑은 유별나다. 세계 어느 스포츠팬보다도 유별난 부산 사람들의 야구 사랑으로 최고의 인기구단으로 통하는 롯데 자이언츠의 ?",http://www.giantsclub.com/html/,https://www.visitbusan.net/uploadImgs/files/cntnts/20200110144727057_ttiel,https://www.visitbusan.net/uploadImgs/files/cntnts/20200110144727057_thumbL,POINT (129.06151 35.194107),사직야구장,2626,-,홈페이지 참조,홈페이지 참조,좌석 별 상이(홈페이지 참조),"장애인 좌석, 장애인 화장실"
104,부산광역시 기장군 일광면 신평리 11-1,어느 덧 옷차림이 짧아지는 계절을 맞이하고 있지만 생활 속 거리두기로 여전히 답답한 마음을 해소할 길이 없으실 거예요. 이럴 땐 사람들이 많이 모이는 곳을 피해 짧은 산책을 해 보는 것도,http://www.gijang.go.kr/tour/index.gijang,https://www.visitbusan.net/uploadImgs/files/cntnts/20200514115750295_ttiel,https://www.visitbusan.net/uploadImgs/files/cntnts/20200514115750295_thumbL,POINT (129.26012 35.29337),"신평소공원(한, 영)",2671,-,연중무휴,상시,무료,"휠체어 접근 가능, 장애인 화장실, 점자블록(화장실 입구)"
105,부산광역시 기장군 장안읍 기룡리 산126,"어린 시절 우리에게 꿈과 환상을 심어 주었던 동화 속 세상. 훌쩍 어른이 되어 한아이의 엄마, 아빠가 된 여러분께 어릴 적 동심의 세계로 돌아갈 수 있는 멋진 곳을 소개 해보려고 해요~아이와",-,https://www.visitbusan.net/uploadImgs/files/cntnts/20200706141824447_ttiel,https://www.visitbusan.net/uploadImgs/files/cntnts/20200706141824447_thumbL,POINT (129.23999 35.360134),기장 도예 관광 힐링촌 테마숲(한),2671,-,-,상시(안데르센 극장이용 별도),무료(안데르센 극장 공연관람 별도),-
106,부산광역시 강서구 신호산단1로 140번길 일대,부산의 서쪽 끝 분위기 한적한 신호동에 볼수록 예쁜 마을이 하나 있답니다. 내륙을 돌고 돌아 흘러온 낙동강이 넓은 바다로 나가는 딱 그 지점에 위치하고 있어 강과 바다를 동시에 볼 수 있?,-,https://www.visitbusan.net/uploadImgs/files/cntnts/20200703104501764_ttiel,https://www.visitbusan.net/uploadImgs/files/cntnts/20200703104501764_thumbL,POINT (128.87846 35.080696),강서구 히든플레이스(한),2644,-,-,-,-,-
107,부산광역시 부산진구 백양대로 227(한국신발관)부산광역시 동구 범곡북로 22-12(누나의길),한국의 신발산업은 과거부터 국내를 넘어 해외에서도 우수한 품질을 인정받았다는 사실! 다들 알고 계시나요? 그 자랑스러운 신발역사의 중심에는 부산이 있습니다. 부산은 70~80년대에 신발산,http://www.k-shoes.kr/(한국신발관),https://www.visitbusan.net/uploadImgs/files/cntnts/20200706134923010_ttiel,https://www.visitbusan.net/uploadImgs/files/cntnts/20200706134923010_thumbL,POINT (129.0536 35.141808),부산신발이야기(한),2623,-,일요일 휴무,한국신발관 월~토 10:00~17:00,무료,-
108,부산광역시 강서구 거가대로 2571,요즘 고속도로 휴게소의 풍경이 점점 달라지고 있다는 거 느끼셨나요? 그 중에서도 부산-거제 간 연결도로 휴게소인 가덕해양파크는 휴게소라는 말 보다 휴양지라는 말이 더 잘 어울리는 곳이,https://www.gklink.com/index.php,https://www.visitbusan.net/uploadImgs/files/cntnts/20200717114524295_ttiel,https://www.visitbusan.net/uploadImgs/files/cntnts/20200717114524295_thumbL,POINT (128.80673 35.023594),"가덕해양파크휴게소(한, 중간)",2644,-,"가덕해양파크 휴게소 연중무휴홍보전시관 매주 월요일, 명절연휴",가덕해양파크 휴게소 상시홍보전시관 화~일 09:00~17:00,-,"장애인전용주차장, 장애인화장실, 장애인물품보관소, 경사로 미끄럼방지시설, 점자블록"
109,부산광역시 서구 암남동 620-53,100년의 추억이 담긴 송도. 그 시간 속에는 많은 사람들이 그리워하던 송도구름다리가 있습니다. 18년 만에 우리의 곁으로 다시 돌아온 송도용궁구름다리! 송도 바다를 조금 더 가까이 만날 수 ?,https://www.bsseogu.go.kr/tour/index.bsseogu,https://www.visitbusan.net/uploadImgs/files/cntnts/20200717114921294_ttiel,https://www.visitbusan.net/uploadImgs/files/cntnts/20200717114921294_thumbL,POINT (129.02191 35.06194),"송도용궁구름다리(한,영, 중간, 중번)",2614,-,"매월 첫째, 셋째 월요일과 구정 및 새해 전날 휴무",개방시간: 매일 09:00~18:00(3월~9월)/ 입장 17:30분까지 매일 09:00~17:00(10월~2월)/ 입장 16:30분까지,-,-
110,부산광역시 남구 우암번영로 40-1,"오래전, 늦은 밤 부산항에 입항했던 외국의 선원들은 산 높은 곳까지 별처럼 반짝이는 화려한 야경에 감탄을 했다고 한다. 그리고 다음 날 그 아름다운 불빛들이 피란민들에 의해 만들어진 움?",-,https://www.visitbusan.net/uploadImgs/files/cntnts/20200722140028489_ttiel,https://www.visitbusan.net/uploadImgs/files/cntnts/20200722140028489_thumbL,POINT (129.07597 35.126194),"정승빈작가-우암동 소막마을(한,영,중간,중번,일)",2629,-,연중무휴,매일,무료,-
111,부산광역시 기장군 철마면 철마천로 101,청정자연을 그대로 품은 부산치유의 숲에서 힐링하고 가세요!아홉산 자락에 넓게 자리한 부산치유의 숲은 부산 최초로 조성된 치유의 숲이랍니다. 체계적인 산림치유 프로그램을 운영하고 있,-,https://www.visitbusan.net/uploadImgs/files/cntnts/20200729150013892_ttiel,https://www.visitbusan.net/uploadImgs/files/cntnts/20200729150013892_thumbL,POINT (129.12955 35.26948),"부산치유의 숲(한, 영)",2671,상시,설날?추석 당일 휴무,매일,무료,-
112,부산광역시 서구 아미로49,"부산은 산지가 많고 평지가 부족했다. 일제 강점기 원도심의 살기 좋은 평지와 매축지는 일본인 구역으로 개발되었고, 부두의 노동자와 일자리를 찾아온 외지인들은 경사진 산을 따라 판잣집?",-,https://www.visitbusan.net/uploadImgs/files/cntnts/20200818133843206_ttiel,https://www.visitbusan.net/uploadImgs/files/cntnts/20200818133843206_thumbL,POINT (129.0126 35.09903),"정승빈작가-아미동비석마을(한,영,중간,중번,일)",2614,상시,연중무휴,매일,무료,-
113,대항어촌마을부산광역시 강서구 가덕해안로1207번길 9-2정거마을부산광역시 강서구 눌차동,"부산의 매력은 다양한 자연환경이다. 고층빌딩이 즐비한 대도시임에도 바다와 강, 산과 들을 가까이에서 만날 수 있는 천혜의 자연이 부산여행을 더욱 풍요롭게 만든다.색다른 부산여행을 즐?",-,https://www.visitbusan.net/uploadImgs/files/cntnts/20201030154341972_ttiel,https://www.visitbusan.net/uploadImgs/files/cntnts/20201030154341972_thumbL,POINT (128.82697 35.012188),"힐링하기 좋은 부산 어촌마을 (한,영,중간,중번,일)",2644,상시,연중무휴,상시,-,-
114,유엔기념공원 부산광역시 남구 유엔평화로 93유엔평화기념관 부산광역시 남구 홍곡로320번길 106,"매년 11월 11일 11시가 되면 부산에서1분간 사이렌이 울립니다. 6.25참전 유엔전사자의 희생과 헌신을 기억하는 순간, 『턴 투워드 부산(Turn Toward Busan) 유엔참전용사 국제추모식』 행사가 열리기",https://www.unmck.or.kr/intro/ (유엔기념공원) https://unpm.or.kr/un2022/ (유엔평화기념관),https://www.visitbusan.net/uploadImgs/files/cntnts/20201106141515814_ttiel,https://www.visitbusan.net/uploadImgs/files/cntnts/20201106141515814_thumbL,POINT (129.09766 35.127785),"턴투워드부산(한,영,중간,중번,일)",2629,-,"유엔기념공원 연중무휴유엔평화기념관 매주 월요일, 1월 1일, 명절 당일","매일, 유엔기념공원: 9:00 ~ 18:00 / 동절기 17:00유엔평화기념관 10:00~18:00 (입장 17:30분까지)",무료,"유엔기념공원장애인 주차장, 장애인 화장실, 휠체어 대여, 휠체어 접근 가능유엔평화기념관점자블록, 장애인전용 엘리베이터, 장애인 주차장, 장애인 화장실, 휠체어 무료 대여, 휠체어 접근 ?"
115,부산광역시 기장군 일광면 화용길 299-106,"** 본 콘텐츠는 코로나19 방역지침을 준수하여 촬영하였습니다.위드 코로나 시대, 여행도 비대면?비접촉이 대세! 대자연의 품에서 일상의 소중함을 느끼며 몸과 마음을 다잡는 여행, 아무 생각",https://www.foresttrip.go.kr/indvz/main.do?hmpgId=0202,https://www.visitbusan.net/uploadImgs/files/cntnts/20201201103753100_ttiel,https://www.visitbusan.net/uploadImgs/files/cntnts/20201201103753100_thumbL,POINT (129.18535 35.30242),"기장 달음산 자연휴양림(한,영,중간,중번,일)",2671,-,화요일 휴무,일일개장 09:00~18:00숙박시설 입실 당일 15:00~18:00 / 퇴실 익일 09:00~11:00운영요일: 수요일~월요일,숙박 시설 별도 이용요금 발생,-
116,부산광역시 사상구 사상로310번길 33,** 본 콘텐츠는 코로나19 방역지침을 준수하여 촬영하였습니다.존재 자체만으로도 가보고 싶은 이유가 되는 부산도서관이 지난 11월 문을 열었습니다. 개관을 오랫동안 기다려온 시민들의 일상,https://library.busan.go.kr/busanlibrary/index.do,https://www.visitbusan.net/uploadImgs/files/cntnts/20201216170753435_ttiel,https://www.visitbusan.net/uploadImgs/files/cntnts/20201216170753435_thumbL,POINT (128.98526 35.172737),"부산도서관(한,영,중간,중번,일)",2653,-,"월요일, 법정공휴일, 임시휴관일",화~금요일 09:00~22:00토~일요일 09:00~18:00,-,"장애인 화장실, 엘리베이터, 장애인 주차구역, 점자블록, 경사로, 휠체어접근 가능, 장애인 대상 도서 비치, 독서보조기기 대여 가능"
117,부산광역시 해운대구 석대동 77,"높아만 가는 파란 하늘, 흰 구름은 뭉게뭉게, 거기다 선선한 바람.날씨와 계절이 산책을 부르는 요즘이다. 바라만 봐도 좋은 날이지만 행복지수 높여주는 여유로운 산책으로 힐링 에너지 한가?",https://www.busan.go.kr/green/gcintro0401,https://www.visitbusan.net/uploadImgs/files/cntnts/20230202161355598_ttiel,https://www.visitbusan.net/uploadImgs/files/cntnts/20230202161355598_thumbL,POINT (129.1327 35.22992),"해운대수목원 (한,영,중간,중번,일)",2635,-,"월요일 (단, 월요일이 공휴일인 경우 그 다음 평일), 1월 1일, 설날, 추석",화요일 ~ 일요일 09:00 ~ 17:00(관람종료 1시간 전까지 입장 가능),무료,"안내센터, 장애인주차장, 장애인화장실, 휠체어접근가능, 점자블록, 보조견동반가능"
118,부산광역시 영도구 하나길 788 3층(봉산마을도시재생현장지원센터),"부산 영도 봉래산 아래 언덕, 심상치 않은 집들이 빼곡하게 모여 있는 봉산마을. 과거, 호황을 이루던 조선업 현장 근로자들이 모여 살던 이곳은 조선업의 불황과 뉴타운 해제 지역으로 선정되",-,https://www.visitbusan.net/uploadImgs/files/cntnts/20211116151308755_ttiel,https://www.visitbusan.net/uploadImgs/files/cntnts/20211116151308755_thumbL,POINT (129.05125 35.09309),"영도 봉산마을(한, 영, 일)",2620,-,연중무휴,상시,무료,-
119,부산광역시 부산진구 서면로 39,부산의 모든 길은 서면으로 통한다고 했던가요? 언제부터인가 부산을 대표하는 곳으로 해운대를 떠올리지만 부산 사람들에게는 여전히 서면이 부산의 중심지입니다. 그곳에 최근 문을 연 따?,https://www.sangsangmadang.com/main/BS,https://www.visitbusan.net/uploadImgs/files/cntnts/20211123183743098_ttiel,https://www.visitbusan.net/uploadImgs/files/cntnts/20211123183743098_thumbL,POINT (129.05757 35.15428),"KT&G상상마당 부산(한,영,중간,중번,일)",2623,-,연중무휴,"입점공간별, 프로그램별 상이","입점공간별, 프로그램별 상이",-
120,부산광역시 수영구 무학로49번길 71,어느덧 여름휴가를 떠나야 할 계절입니다. 여름휴가엔 부산의 멋진 바다가 제격이지만 여행 내내 바다만 바라보고 있을 순 없죠! 골목골목 아날로그 감성으로 가득한 보석 같은 여행지를 소개,-,https://www.visitbusan.net/uploadImgs/files/cntnts/20220711140504179_ttiel,https://www.visitbusan.net/uploadImgs/files/cntnts/20220711140504179_thumbL,POINT (129.11816 35.164215),"광안종합시장 (한,영,중간,중번,일)",2650,-,가게별 상이,가게별 상이,가게별 상이,-
121,부산광역시 기장군 기장읍 동부산관광로 42,부산 오시리아 관광단지에 롯데월드가 있어요.날씨가 좋아서 이번에 다녀왔는데 올라가는 계단에서 제일 먼저 로티가 반갑게 맞이해주니 너무 설?어요.롯데월드 어드벤처 부산은 서울에 있는,https://adventurebusan.lotteworld.com/kor/main/index.do,https://www.visitbusan.net/uploadImgs/files/cntnts/20220901105446739_ttiel,https://www.visitbusan.net/uploadImgs/files/cntnts/20220901105446739_thumbL,POINT (129.2132 35.19602),"롯데월드 어드벤처 부산 (한,영,중간,중번,일)",2671,-,연중무휴,10:00~21:00,-,"휠체어접근 가능, 휠체어 대여, 장애인화장실, 유모차 대여 가능, 수유실, 물품보관함"
123,부산광역시 서구 송도해변로 171,"햇빛에 반짝이는 눈부신 바다와 기암괴석, 싱그러운 녹음을 한 번에 즐길 수 있는 방법은? 바로 송도해상케이블카!가족, 연인, 친구, 아이, 누구와도 함께 타면 즐거운 송카, 짜릿하게 하늘을 ?",http://busanaircruise.co.kr/,https://www.visitbusan.net/uploadImgs/files/cntnts/20230508183214812_ttiel,https://www.visitbusan.net/uploadImgs/files/cntnts/20230508183214812_thumbL,POINT (129.02365 35.076286),"청량미 끝판왕 오션뷰 송도해상케이블카!(한,영,중간,중번,일)",2614,-,-,매일 09:00~21:00,"(대인기준) 에어크루즈 왕복 17,000원, 편도 13,000원 / 크리스탈크루즈 왕복 22,000원, 편도 17,000원 / 자유이용권 30,000원","엘리베이터, 장애인화장실, 장애인주차구역, 점자블록, 휠체어접근 가능, 점자안내판"
124,화명장미원  부산광역시 북구 화명동 2280화명생태공원  부산광역시 북구 화명동 1718-17,"장미의 계절, 화명동이 온통 아름다운 장밋빛으로 입혀졌습니다. 은은한 꽃향기 가득한 화명장미원에는 약 50여 종이 넘는 장미가 예쁘게 만개하여 특별한 볼거리를 선사하고 있는데요. 더불?",-,https://www.visitbusan.net/uploadImgs/files/cntnts/20230519190619574_ttiel,https://www.visitbusan.net/uploadImgs/files/cntnts/20230519190619574_thumbL,POINT (129.00327 35.22568),"화명생태공원(한,영,중간,중번,일)",2632,-,연중무휴,상시,무료,"화명생태공원장애인 주차구역, 휠체어 접근 가능"
125,CGV DRIVE IN 영도 : 부산광역시 영도구 동삼동 1009태종대 : 부산광역시 영도구 전망로 24흰여울문화마을 : 부산광역시영도구 영선동4가 605-3절영해안산책로 : 부산광역시 영도구 해안산책길 52깡깡,요즘엔 해가 떠 있는 시간이 점점 길어져 늦은 시간까지 드라이브를 즐기기에 더할 나위 없이 좋은 시기이다. 더군다나 영도에 자동차 야외극장이 새로 생겼기에 이것만으로도 충분히 드라이?,-,https://www.visitbusan.net/uploadImgs/files/cntnts/20230525134753245_ttiel,https://www.visitbusan.net/uploadImgs/files/cntnts/20230525134753245_thumbL,POINT (129.08342 35.062366),"태종대자동차극장(한,영,중간,중번,일)",2620,-,연중무휴,"CGV DRIVE IN 영도 : 주중(월~목) 20시(1회 상영) / 주말(금~일), 공휴일 20시, 23시(2회 상영)태종대 : 3~10월 - 매일 04시~24시 / 11월~2월 ? 매일 05시~24시","CGV DRIVE IN 영도 : 차량당 평일 26,000원 / 주말 30,000원 (차 1대당 2인 관람 가능)",-
126,부산광역시 중구 대청로 104,"국제시장과 보수동책방골목, 임시수도기념관 등이 있는 부산 중구 일대는 부산의 근현대사를 오롯이 품고 있는 살아 있는 역사 교과서입니다. 특히 일제강점기 때 동양척식주식회사로 활용됐",https://www.busan.go.kr/mmch/index,https://www.visitbusan.net/uploadImgs/files/cntnts/20230602095512309_ttiel,https://www.visitbusan.net/uploadImgs/files/cntnts/20230602095512309_thumbL,POINT (129.03203 35.10258),"부산근현대역사관(한,영,중간,중번,일)",2611,-,"월요일, 1월 1일",화요일~일요일 09:00-18:00(입장마감 17:00),무료,"장애인화장실, 엘리베이터, 안내견 동반 가능, 휠체어, 유모차 대여 가능(안내데스크에 문의)"
127,부산광역시 남구 우암동 12,"멋진 밤, 반짝이는 도시의 야경을 배경으로 남녀주인공이 높은 언덕에서 사랑스런 춤을 추는 영화 '라라랜드'. 영화 속 촬영장을 꼭 닮은 뜻밖의 장소가 부산에 있다면?영도 바다와 부산항대교",-,https://www.visitbusan.net/uploadImgs/files/cntnts/20230531220739285_ttiel,https://www.visitbusan.net/uploadImgs/files/cntnts/20230531220739285_thumbL,POINT (129.07382 35.127033),"우암동 도시숲(한,영,중간,중번,일)",2629,-,연중무휴,-,무료,-
128,"부산광역시 부산진구 동천로 58, 2층","아름다운 공간미술 속으로 들어가 작품을 완성해보는 시간을 서면미술관에서 만들어보세요.친구와 혹은 연인과 함께 멋진 인생 사진을 남길 수 있는 서면미술관, 분기별 다른 테마로 새로운 ?",https://www.instagram.com/smma.official/,https://www.visitbusan.net/uploadImgs/files/cntnts/20230623172451559_ttiel,https://www.visitbusan.net/uploadImgs/files/cntnts/20230623172451559_thumbL,POINT (129.06252 35.153927),"서면미술관(한,영,중간,중번,일)",2623,-,연중무휴,평일 및 일요일 11:00 ~ 19:00 (입장 마감 18:00)토요일 11:00 ~ 20:00 (입장 마감 19:00),"성인 10,000원 청소년 8,000원 어린이 6,000원 65세 이상 5,000원 지역 주민(부산진구) 5,000원36개월 미만 무료",-
129,부산광역시 사하구 낙동남로 1191,을숙도문화회관 뒤편으로 향하면 마치 오래전부터 이곳에 있었던 것처럼 담쟁이넝쿨이 인상적인 건물이 나온다. 2018년 6월 개관한 부산현대미술관이다. ‘생태계의 보고’인 을숙도의 분위기,https://www.busan.go.kr/moca,https://www.visitbusan.net/uploadImgs/files/cntnts/20230707174450394_ttiel,https://www.visitbusan.net/uploadImgs/files/cntnts/20230707174450394_thumbL,POINT (128.94263 35.109245),"부산현대미술관(한,영,중간,중번,일)",2638,-,"월요일(월요일이 공휴일이면 화요일 휴관), 1월 1일",화~일 10:00~18:00(17:30 입장마감),무료(기획전ㆍ특별전 등 일부 전시 유료),-
130,부산광역시 강서구 대저1동 2314-11,"강서구청역 바로 옆엔 부산의 대표적인 자연생태 친수공간인 대저생태공원이 있다. 대도시에선 보기 힘든 드넓은 땅에 봄이면 유채꽃, 여름에는 해바라기와 코스모스가 끝도 없이 피어나 비?",https://www.busan.go.kr/nakdong/daejeopark01,https://www.visitbusan.net/uploadImgs/files/cntnts/20230713153840580_ttiel,https://www.visitbusan.net/uploadImgs/files/cntnts/20230713153840580_thumbL,POINT (128.98305 35.20406),"대저생태공원(한,영,중간,중번,일)",2644,-,연중무휴,매일 06:00-21:00,무료,"장애인 화장실, 장애인 주차구역, 휠체어 접근가능"
131,부산광역시 강서구 대저2동 1200-32,부산의 서쪽 낙동강변에는 저마다 특색을 가진 6개의 생태공원이 있다. 이 생태공원 중에서 잘 알려져 있지 않지만 자연 그대로의 모습으로 사랑받는 맥도생태공원을 소개한다. 맥도생태공원?,-,https://www.visitbusan.net/uploadImgs/files/cntnts/20230713150615959_ttiel,https://www.visitbusan.net/uploadImgs/files/cntnts/20230713150615959_thumbL,POINT (128.95354 35.13791),"맥도생태공원(한,영,중간,중번,일)",2644,-,연중무휴,상시,무료,"장애인 주차구역, 장애인 화장실, 휠체어접근 가능"
132,부산광역시 북구 구포동,구포시장 입구 쪽에 위치한 금빛노을브릿지는 구포와 화명생태공원을 이어주는 보행교로 이름에서 알 수 있듯이 낙동강 건너 김해 쪽으로 떨어지는 일몰을 감상하기 좋은 위치에 자리 잡고 ?,-,https://www.visitbusan.net/uploadImgs/files/cntnts/20230720175854890_ttiel,https://www.visitbusan.net/uploadImgs/files/cntnts/20230720175854890_thumbL,POINT (128.99739 35.20871),"금빛노을브릿지(한,영,중간,중번,일)",2632,-,연중무휴,상시,무료,"장애인 주차구역, 장애인 화장실, 휠체어 접근 가능"
133,부산광역시 사상구 감전동 873,삼락생태공원 근처에 있는 감전 야생화단지는 다대항 배후도로와 낙동대교가 만나는 둔치에 자리잡고 있습니다. 부산 최대의 야생화 및 수생식물 체험학습장이라서 여름에는 다양한 종류의 ?,-,https://www.visitbusan.net/uploadImgs/files/cntnts/20230723172025932_ttiel,https://www.visitbusan.net/uploadImgs/files/cntnts/20230723172025932_thumbL,POINT (128.96594 35.142826),"감전야생화단지(한,영,중간,중번,일)",2653,-,연중무휴,상시,무료,-
134,"부산광역시 동구 중앙대로 380(좌천동, 구.부산진역)",문화플랫폼 시민마당 1층에 위치한 ‘국제커피박물관’에는 각양각색의 커피 기구 2000여 점이 전시되어 있어 전 세계 커피의 역사를 한자리에서 만나볼 수 있답니다. 커피를 사랑한 어느 시민,-,https://www.visitbusan.net/uploadImgs/files/cntnts/20230818114709553_ttiel,https://www.visitbusan.net/uploadImgs/files/cntnts/20230818114709553_thumbL,POINT (129.04846 35.12724),"국제커피박물관(한,영,중간,중번,일)",2617,-,월요일,화요일~일요일 11:00-18:00(입장마감 17:30),무료,-
135,부산광역시 기장군 기장읍 동부산관광로 8 2층,"반려견 천만 시대, 'LIVE TOGETHER' 슬로건에 걸맞게 반려인과 반려견 그리고 반려인과 비반려인이 함께 사는 행복한 세상을 지향하는 공간을 소개합니다. 반려견과 반려인을 위한 프리미엄 복합?",https://blog.naver.com/cocco_busan,https://www.visitbusan.net/uploadImgs/files/cntnts/20230918105645593_ttiel,https://www.visitbusan.net/uploadImgs/files/cntnts/20230918105645593_thumbL,POINT (129.21263 35.190998),"코코스퀘어(한,영,중간,중번,일)",2671,-,연중무휴,평일 : 09:00~20:00 / 주말 : 09:00~20:30,각 시설마다 상이,-
