DATA_NO,KEYID,CTPRVN_NM,SIGNGU_NM,EMD_NM,AREA_CLTUR_TRRSRT_NM,ADDR,TRRSRT_LA,TRRSRT_LO,TRRSRT_CL_NM,TRRSRT_STRY_NM,TRRSRT_STRY_SUMRY_CN,TRRSRT_STRY_URL,CORE_KWRD_CN
1,1,부산광역시,부산진구,당감동,개성고등학교 역사관,부산광역시 부산진구 당감서로 137,35.1676735,129.0299526,근대문화유산,부산 최초로 근대교육을 이끈 개성고등학교 역사관,"개성고등학교 역사관은 학교의 업적과 전통을 기리고 후대에 전하기 위해 1991년에 세워진 역사관이다. 개성고등학교는 1896년에 부산 지역의 근대교육을 위해 세워진 개성학교가 전신이다. 개성고등학교는 부산 최초로 근대교육을 이끌어 간 학교이자, 일제강점기 항일 운동의 무대였다는 점에서 역사적 가치가 크다. 경찰서장 하시모토에게 폭탄을 투거한 독립운동가 박재혁이 대표적인 개성고등학교 출신 인물이다. 개성고등학교 역사관은 학교 역사뿐만 아니라 부산지역의 근현대사와 관련된 유물과 자료를 전시하고 있다.",https://ncms.nculture.org/legacy/story/8114,"개성학교, 부산공립상업학교, 박재혁, 구세단, 동국역사"
2,2,부산광역시,연제구,연산동,경주 박가 국밥,부산 연제구 고분로 232,35.18435092,129.1074401,지역의 오래된 가게,"부산시가 선정한 향토음식 돼지국밥, 경주 박가 국밥","경주 박가 국밥은 경주 박가(慶州 朴家)가 운영하는 국밥집이다. 경주 박가 국밥은 1951년 박주호의 어머니가 부산진구 부전동에서 개업하였다. 박주호는 어머니에게서 국밥 일을 배운 후, 1993년 금정구 서동에 경주 박가 국밥 분점을 열었다. 1997년 박주호의 경주 박가 국밥 분점은 지금의 연제구 연산동으로 가게를 옮겼다. 서동의 국밥집은 주방장이 인수하였다.",https://ncms.nculture.org/long-standing-shops/story/8073,"경주 박가 국밥, 돼지국밥, 향토음식, 오래된 가게, 국밥"
3,3,부산광역시,해운대구,중동,고은사진미술관,부산광역시 해운대구 중동1로37번길 10,35.16233072,129.1637869,지역 이색박물관,"‘고은사진미술관’, 사진 속 부산의 기억과 미래를 말하다","고은사진미술관은 우리나라에서 몇 안 되는 사진 전문 미술관이다. (재)고은문화재단에서 2007년에 설립해 운영 중인데, ‘고은’이라는 이름은 설립자 김형수씨의 호에서 따왔다. 김형수씨는 부산을 대표하는 기업인 동일고무벨트[현재 ㈜DRB동일]의 창업자이자 고촌장학재단을 세운 김도근 회장의 차남이다. 사진미술과 교육에 큰 뜻을 품은 이들 부자 덕분에 부산 사람들의 삶이 문화예술로 풍요롭다.",https://ncms.nculture.org/exotic-museums/story/10674,"사진, 부산, 동일고무벨트, 고촌장학재단, (재)고은문화재단, 미술, 과거, 현재, 미래, 음악회"
4,4,부산광역시,영도구,동삼동,국립해양박물관,부산광역시 영도구 해양로301번길 45,35.07856342,129.0802449,지역 이색박물관,"‘국립해양박물관’, 바다의 역사와 미래를 담고 있는 탐사선","국립해양박물관은 교통부에서 운영하는 국가법인 박물관으로, 항만 도시 부산에서 2012년에 문을 열었다. 국립해양박물관이 생기기 전에는 해양 문화를 폭넓게 다루는 전문 박물관이 없었다. 그러나 바다를 지키고 개발하는 것에 대한 중요성이 커지면서 국립해양박물관의 건립이 결정됐고, 개관 후 지금까지 바다의 역사와 인물, 산업과 과학, 바다 생물 등 다양한 주제로 관람객을 맞고 있다. 전시가 재미있기도 하지만, 바다가 한눈에 보이는 해변에 자리 잡아 매년 관람객들로 붐빈다.",https://ncms.nculture.org/exotic-museums/story/10705,"부산, 해양 문화, 조선통신사선, 수족관, 배, 위도 띠배"
5,5,부산광역시,남구,우암동,내호냉면,부산 남구 우암번영로26번길 17,35.12652084,129.0708653,지역의 오래된 가게,"부산 내호냉면, 내호의 그리움과 삯국수의 나눔","부산 내호냉면 식당 벽에는 역대 대표들의 사진이 걸려있다. 그 시작은 1919년 10월, 이영순이 딸인 정한금과 함경남도 흥남구 내호리에서 ‘함흥냉면’의 북한 이름인 농마국수를 ‘동춘면옥’이라는 상호를 내걸고 팔기 시작하면서부터이다. 1950년 6·25전쟁으로 부산으로 피난을 내려와 1953년 정한금이 고향의 이름을 단 내호냉면을 현 위치에서 개업했다. 내호냉면은 1975년 며느리인 이춘복이 이어받았고, 2018년 이춘복의 아들인 유재우가 가게를 이어가고 있다.",https://ncms.nculture.org/long-standing-shops/story/8088,"내호냉면, 삯국수, 오래된 식당, 냉면"
6,6,부산광역시,동구,초량동,달과 6펜스,부산광역시 동구 중앙대로226번길 7-2,35.11691971,129.0421047,지역의 오래된 가게,돈가스에 진심인 부산의 '달과 6펜스',"달과 6펜스는 1985년 김재경이 부산광역시 동구 부산역 앞에 문을 연 경양식 돈가스 전문점이다. 처음 달과 6펜스가 개업을 한 곳은 부산광역시 동래구 연산동이었는데 연산동이 개발되면서 2003년 현재의 위치로 가게를 옮겼다. 연산동에서는 달과 6펜스가 취급한 메뉴는 돈가스외에 쫄면,우동, 볶음밥도 있었지만 부산역 앞으로 이전하면서 돈가스, 불돈가스, 치즈가스 등 돈가스만으로 특화하였다. 달과 6펜스는 2021년 중소벤처기업부의 백년가게로 선정되었다.",https://ncms.nculture.org/long-standing-shops/story/9029,"경양식, 돈까스, 오래된 식당, 돈가스, 양식당, 달과 6펜스"
7,7,부산광역시,동래구,복천동,동래할매파전,부산광역시 동래구 명륜로94번길 43-10,35.20460433,129.0838681,지역의 오래된 가게,"파 속대로 맛을 내는 부산 맛집, ‘동래할매파전’","동래할매파전은 1930년대 김정희의 시증조할머니가 동래시장 내 좌판에서 파전을 팔기 시작하면서 시작되었다. 이후 시할머니 이윤선, 시어머니인 김옥자, 그리고 현재의 김정희가 가게를 잇고 있다. 동래할매파전은 동래시장에서 상호없이 처음 개업한 후, 동래구 복천동 343번지로 옮기면서 제일식당이라는 상호를 붙였고, 1960년대 후반 복천동으로 다시 옮겼다. '동래할매파전'이라는 상호는 1970년대 변경되었고, 위치도 현재의 자리로 옮겼다.",https://ncms.nculture.org/long-standing-shops/story/8293,"동래할매파전, 오래된 식당, 동래시장, 동래 파전, 부산 향토음식, 민속음식점"
8,8,부산광역시,영도구,동삼동,동삼동패총전시관,부산광역시 영도구 태종로 729(동삼동),35.07122916,129.0797882,지역 이색박물관,"‘동삼동패총전시관’, 신석기시대 사람들의 국제성과 높은 문화 수준을 찾아서","동삼동패총전시관은 2002년에 세워진 공공 박물관으로, ‘동삼동패총’에 관해 널리 알리고, 관람객들이 선사시대를 쉽고 재미있게 이해할 수 있도록 연구, 전시, 교육 활동을 활발히 벌이는 문화복합 기관이다. ‘동삼동패총’은 부산광역시 동삼동 바닷가에서 발견된 신석기시대 조개무지다. 조개를 먹은 후 버린 껍데기가 쌓여 층위가 생긴 것인데, 조개류와 함께 동물과 어류의 뼈는 물론 생활 도구와 장신구 등 다양한 유물이 출토됐다. ‘동삼동패총’이 알려진 것은, 일제강점기인 1929년, 일본인 교사에 의해서다. 그 후 국립중앙박물관, 서울대학교, 부산박물관에 의해 십여 차례의 조사가 이루어졌고 신석기인들의 생활상과 종교관, 국제성 등이 밝혀졌다.",https://ncms.nculture.org/exotic-museums/story/10733,"사슴, 고래, 홍합, 조개껍데기, 패총, 신석기 시대, 장신구, 종교, 일본 조몬 토기, 흑요석, 곰 신앙"
9,9,부산광역시,서구,부민동2가,동아대학교 석당박물관,부산광역시 서구 구덕로 225,35.10374099,129.0194146,지역 이색박물관,"동아대학교 석당박물관, 부산 땅속 이야기를 간직한 곳","동아대학교 석당박물관은 부산과 경남지역에 세워진 최초의 대학박물관으로, 일찌감치 1959년 11월에 문을 열었다. ‘석당’이라는 이름은 유물 수집과 박물관 설립에 적극적으로 나선 동아대학교 창립자, 석당 정재환 씨의 호에서 따왔다. 소장품으로는 고고?역사 유물이 다수인데, 박물관이 발굴조사를 벌여 부산과 인근 지역에서 발견한 토기와 금속류가 많다. 국보와 보물도 상당수 보유하고 있으며, 그중 ‘동궐도’는 고려대학교박물관 소장본과 함께 국보 제249호로 지정됐다.",https://ncms.nculture.org/exotic-museums/story/7956,"석당 정재환, 매장문화재, 동궐도, 임시정부청사"
10,10,부산광역시,중구,중앙동4가,백구당,부산광역시 중구 중앙대로81번길 3,35.10481887,129.0357465,지역의 오래된 가게,"부산 맛집 '백구당', 빵 박물관이라고 해도 과언이 아냐!","백구당은 1959년 지금의 백구당 옆 부산광역시 중구 중앙동 4가 1층에 김재봉이  '백구양과'를 열었다. 1964년 김재봉의 조카딸인 박문자·조병섭 부부가 가게를 이었다. 백구당은 1971년 상호를 ‘뉴 파리 양과’로 변경하였다가 지금과 같은 상호로 바꾸게 된 것은 1978년 박정희 정권의 한글전용정책의 결과이다. 백구당은 1992년 현재의 위치로 가게를 이전하고 수차례의 증·개축을 하였다. 상호 '백구(白鳩)'는 흰갈매기라는 의미로, 부산을 상징하는 갈매기를 빵집 이름에 담았다.",https://ncms.nculture.org/long-standing-shops/story/8299,"빵집, 제과점, 백구당, 뉴파리양과, 백구양과, 부산 오래된 가게, 부산 갈매기, 부산 디저트"
11,11,부산광역시,서구,동대신동3가,부산 경남고등학교 덕형관,부산광역시 서구 망양로111번길 65[동대신동 3가 1-1],35.1201981,129.0200404,근대문화유산,한국 1세대 건축가 이천승이 설계한 부산 경남고등학교 덕형관,부산광역시 서구 동대신동에 있는 부산 경남고등학교에는 한국 1세대 건축가 이천승이 설계한 것으로 알려진 근대 모더니즘 양식의 건축물 덕형관이 있다. 덕형관은 1956년 11월에 준공되었으며 중앙에 배치된 나선형 계단을 중심으로 6개의 공간으로 분리되어 있는 것이 특징이다. 덕형관은 부산광역시 초기 교육 시설이면서도 원형을 잘 보존하고 있다는 점에서 역사적 가치를 인정받고 있다.,https://ncms.nculture.org/legacy/story/7776,"모더니즘, 이천승, 나선형, 덕형관"
12,12,부산광역시,동구,초량동,부산 구 백제병원,부산 동구 초량동 460-2,35.11625252,129.0388649,근대문화유산,초량 이바구길의 곡절 많은 터줏대감-부산 구 백제병원,"부산역 맞은편 초량 이바구길 초입에 위치한 백제병원 건물은 1927년 지어졌다. 백제병원은 부산 최초의 개인병원으로서, 부산부립병원, 철도병원과 함께 부산 3대 병원으로 꼽혔다. 백제병원 건물은 4층 건물과 잇달아 지은 6층 건물을 이어 붙였는데, 단층과 2~3층이 고작이던 당시 부산에서 우뚝 솟은 건물이었다. 하지만 설립자인 외과의사 최용해가 건축 과정에서 무리하게 빚을 끌어다 쓴데다 행려병자 시신으로 인체 표본을 제작해 보관하다 적발되면서, 급기야 설립자가 병원 문을 닫고 일본으로 도주하였다. 백제병원 건물은 중국인이 인수하여 봉래각이라는 청요릿집으로 개조되었다. 객실을 120개나 설치한 봉래각 또한 부산 명물로 명성을 날렸으나, 중일전쟁 이후 주인이 고국으로 돌아가면서 1942년 폐업했다. 이후 일본군 장교숙소였다가 해방 후에는 부산치안사령부, 전쟁 시기에는 중화민국 임시 대사관으로 쓰였다. 1953년 신라예식장으로 용도가 바뀌었으나, 예식장도 1960년대 중반 문을 닫았다. 1972년에는 이웃 건물에서 발생한 화재로 건물의 3분의 2가 불에 타, 5층 이상은 철거되었다. 다행히 골조와 1~2층은 옛 모습을 모두 잃지는 않았다. 2009년 새 주인이 인수하였고, 복원에 준하는 리모델링을 거쳐 2015년부터 카페 겸 문화예술 공간으로 활용되고 있다.",https://ncms.nculture.org/legacy/story/783,"부산 백제병원, 부산 봉래각, 최용해, 부산 신라예식장, 초량 이바구길, 브라운핸즈 카페"
13,13,부산광역시,남구,대연동,부산 국립일제강제동원역사관,부산광역시 남구 홍곡로 320번길 100,35.12450497,129.0920701,지역 이색박물관,"부산 국립일제강제동원역사관, 그날의 기억을 잊지 말아요","국립일제강제동원역사관은 2차 세계대전이 한창인 1930년대 후반부터 광복을 맞은 1945년까지 일제의 비인도적 강제동원의 실태를 조사하고 증거를 수집하여 전시하는 최초의 공간이다. 일제강점기 때 자행된 강제동원의 실상을 널리 알리고 피해자를 위로하기 위한 목적으로 2015년에 문을 열었다. 피해자가 직접 기증한 사진과 문서, 음성파일 등의 귀한 역사 자료를 소장하고 있으며, UN기념공원, UN조각공원, 평화공원, UN평화기념관, 대학로문화거리와 함께 UN평화문화특구로 지정됐다.",https://ncms.nculture.org/exotic-museums/story/7979,"일제강점기, 강제동원 피해자, 위안부, 정신대, 한일관계, 부산항, 광복과 귀환"
14,14,부산광역시,해운대구,중동,부산 금수복국,부산 해운대구 중동1로43번길 23,35.1624171,129.1644902,지역의 오래된 가게,"부산 금수복국, 뚝배기 비빔밥에서 착안한 뚝배기 복국!","금수복국은 이봉덕이 1970년 부산광역시 해운대구 중동 1398-44번지에 개업을 하였다. 이봉덕이 금수복국에서 복을 뚝배기에 담아 끓여내게 된 것은 이봉덕의 고향인 전주의 뚝배기 비빔밥에서 착안해서이다. 1987년에 중동 1394-65번지로 가게를 옮겼다. 1999년에는 온천점을 개점, 2002년 중동 본점을 증축, 2003년 서울 압구정점 개점, 2004년 압구정점 신축, 2005년 동래점, 2006년 서울 대치점, 2009년 신세계 센텀점 등을 각각 개점하는 등 변화를 거듭하였다. 2009년 부산광역시에서 부산 향토 음식점으로 지정되었다.",https://ncms.nculture.org/long-standing-shops/story/8087,"금수복국, 복국, 복어, 오래된 식당, 뚝배기 복국"
15,15,부산광역시,부산진구,부전동,부산 마라톤집,부산 부산진구 가야대로784번길 54,35.15510648,129.0571083,지역의 오래된 가게,"마라톤 하나, 넥타이 한병! 부산 마라톤집","마라톤은 1959년부터 부산광역시 부산진구 부전동 503-16번지에서 민병현과 김원희 부부가 시작한 선술집이다. 처음 가게를 열었을 때에는 상호도 없이 담벼락에 천막을 치고 시작하였다. 1963년 현재의 부전동 519-13번지로 가게를 옮기면서 상호를 마라톤으로 지었다. 2004년 아들 민성기와 며느리 조광희가 가게를 이어받아 운영 중이다. 상호인 마라톤은 빠름을 의미하고, 마라톤의 대표메뉴는 ‘해물부침마라톤’인데 이 메뉴는 각종 해산물을 곱게 다져 야채와 계란에 비벼 철판에 부친 것이다.",https://ncms.nculture.org/long-standing-shops/story/8082,"오래된 식당, 마라톤집, 선술집, 마라톤, 청주, 해물부침"
16,16,부산광역시,서구,동대신동3가,부산 미스터 장 미용실,부산광역시 서구 구덕로322번길 7,35.11264525,129.0167357,지역의 오래된 가게,"남성 미용사의 자부심, 부산 '미스터 장 미용실'","미스터장 미용실은 장용석이 1973년 부산광역시 중구 남포동에서 ‘미스터장 미용실’이라는 상호로 개업하였다. 미스터장 미용실은 우리나라 최초의 남성 미용사 미용실이다. 미스터장 미용실은 1980년 부산광역시 중구 광복동으로 확장 이전하였고, 창선동에 미스터장 미용학원을 개원하였다. 1993년 부산광역시 서구 동대신동 3가 510번지에 6층 건물을 신축하여 이전하였다.",https://ncms.nculture.org/long-standing-shops/story/8294,"미용실, 미스터장미용실, 이용원, 남성 미용사"
17,17,부산광역시,금정구,구서동,부산 박달집,부산광역시 금정구 금샘로 377,35.25686069,129.0842522,지역의 오래된 가게,"평양에서부터 이어진 전통 보양음식점, 부산 '박달집'","박달집은 1920년대 박영숙이 평안도 평양시 신리에서 개장국집을 열면서부터 시작된다. 그러나 이때의 상호는 박달집이 아니라 성천관이었다. 1951년, 박영숙은 1·4후퇴 때 평양에서 강원도 삼척으로 월남하여 개장국 가게를 이어갔다. 박달집은 1987년 삼척에서 부산광역시 금정구 구서동 현재의 위치로 이전하였고, 박영숙의 외손자인 임완규가 가게를 잇게 되면서 상호도 박달집으로 바꾸었다. 박달집은 우리나라에서 네 번째로 오래된 음식점으로 부산의 전통 개장국 및 영양탕 전문점이다. 시대적 흐름에 따라 삼계탕과 소고기 보양탕도 판매하고 있다. 지금은 임완규의 아들 임승백이 가게를 잇고 있다.",https://ncms.nculture.org/long-standing-shops/story/8296,"박달집, 오래된 식당, 보양식, 개장국, 보신탕, 성천관, 영양탕"
18,18,부산광역시,동래구,칠산동,부산 박차정 의사 생가,부산광역시 동래구 명륜로98번길 129-10[칠산동 319-1],35.20169462,129.0903836,근대문화유산,독립운동가 삼남매의 정신이 흐르는 부산 박차정 의사 생가,"부산광역시 동래구 칠산동에는 여성 독립운동가 박차정(1910~1944)의 생가가 있다. 박차정은 아버지와 오빠들의 영향을 받아 강한 민족의식을 품게 되었다. 근우회, 의열단 등 민족운동단체에서 활발히 활동한 여성 독립운동가이다. 박차정 의사 생가는 거의 허물어져 있다가 박차정의사숭모회의 노력으로 2005년 복원되었다. 최근 박차정의 오빠인 박문희와 박문호가 독립유공자로 인정받으면서 삼남매의 업적이 생가 및 생가 입구에 전시되었다.",https://ncms.nculture.org/legacy/story/7972,"박차정, 박문희, 박문호"
19,19,부산광역시,사하구,괴정동,부산 쉐라미과자점,부산광역시 사하구 괴정1동 낙동대로 238,35.09977035,128.9910242,지역의 오래된 가게,"옛것과 새것이 공존하는 빵집, 부산 ‘쉐라미과자점’","쉐라미과자점은 1974년 최영식이 부산광역시 사하구 괴정동에 ‘오륙도양과’라는 상호로 문을 연 제과점이다. 1976년 가게를 1호선 도시철도 괴정역 인근으로 옮기면서 ‘향미당’으로 변경하였다. 처음 가게를 시작했을때는 도매집의 빵을 가져다 판매를 하다가 나중엔 직접 제과제빵을 하였다. 1986년 가게대표를 최영식으로 하면서 상호를 쉐라미과자점으로 바꾸었고, 지금은 최영식의 아들인 최정훈이 가게를 이어가고 있다. 쉐라미과자점은 중소벤처기업부 선정 ‘백년가게’이다.",https://ncms.nculture.org/long-standing-shops/story/9036,"오륙도양과, 향미당, 쉐라미과자점, 빵집, 제과점, 과자점"
20,20,부산광역시,해운대구,중동,부산 신흥관,부산광역시 해운대구 중동 1로 31-1,35.16278767,129.1630215,지역의 오래된 가게,"해운대에서 가장 오래된 중식당, 부산 '신흥관'","신흥관은 1954년 화교 윤무림·왕괭향이 부산광역시 해운대구 중동, 현재의 위치에 개업한 중화요리 전문점이다. 신흥관은 1980년대 후반부터 윤무림의 아들 양영호 부부가 가게를 이어가고 있다. 2대에 걸쳐 가게가 운영되고 있으면서, 가게의 위치도 처음 그 자리를 지키고 있다. 신흥관은 해운대에서 가장 오랜 중화요리 전문점이고, 부산광역시에 등록된 공식적인 음식점으로는 첫 번째 가게이다.",https://ncms.nculture.org/long-standing-shops/story/8306,"신흥관, 중국집, 중식당, 부산 맛집, 오래된 식당, 해운대"
21,21,부산광역시,사상구,감전동,부산 양산도집,부산광역시 사상구 낙동대로 799-38,35.130415,128.9704477,지역의 오래된 가게,"부산 양산도집, 민물장어의 맛있는 변신","1956년 김우영·강행림 부부가 부산광역시 사상구 감전동 516번지에  민물 장어구이 전문 식당을 열었다. 식당을 하면서 민물장어 도·소매업도 겸업하였다. 양산도집이라는 상호는 주인이 지은 것이 아니라 단골손님이 지은 이름이다. 양산도집은 처음 가게를 연 이후 지금까지 건물을 증축,개축을 하며 자리를 지키고 있다. 김우영이 사망하면서 딸인 김말숙이 가게를 이었고, 2019년부터는 김말숙의 며느리인 문현아가 가게를 이어가고 있다.",https://ncms.nculture.org/long-standing-shops/story/8085,"민물장어, 장어, 양산도집, 오래된 식당, 양산도"
22,22,부산광역시,금정구,부곡동,부산 오륜대한국순교자박물관,부산광역시 금정구 오륜대로 106-1,35.24570172,129.1009016,지역 이색박물관,"부산 오륜대한국순교자박물관, 순교자를 기리는 성역","오륜대한국순교자박물관은 천주교가 한국에 자리를 잡는데 이바지한 수많은 순교자를 기억하고 기리기 위해 1982년에 세워졌다. 한국순교복자수녀회에서 전국의 천주교 관련 자료를 모아서 보존, 전시, 교육하고 있다. 1층 전시관에는 순교자들의 유품과 네 번의 박해와 관련된 자료를 시대순으로 볼 수 있다(1801년 신유박해, 1839년 기해박해, 1846년 병오박해, 1866년 병인박해). 2층은 성경과 성가집, 그리고 교우촌[박해를 피해 숨어 살던 마을]에서 사용하던 물건이 전시돼 있다. 그리고 야외에서는 각종 기념비와 적화비, 순교자를 고문하던 도구들을 만날 수 있다.",https://ncms.nculture.org/exotic-museums/story/8662,"천주교, 순교자, 한국순교복자수녀회, 오륜대, 교우촌, 박해, 김대건, 정약용, 벽위편"
23,23,부산광역시,중구,광복동2가,부산 원도심 근대문화유산,부산 중구 용두산길 37-55,35.1009305,129.0324434,근대문화유산,근대를 끌어안은 한국 제1 항구도시 - 부산 원도심 근대문화유산,"부산광역시는 1876년 개항으로 근대 항만도시로 첫발을 내디뎠다. 그러나 일본의 지배권이 관철되는 식민지근대로서 출발할 수밖에 없었다. 17세기에 설치됐던 초량왜관을 중심으로 일본은 시가지를 형성하고, 부산항을 건설했다. 현재 부산시 중앙동, 남포동, 광복동, 초량동 일대 원도심은 일제강점기 동안 계획도시와 자연발생적 면모가 공존하는 도시로 변모해 나갔다. 1925년에는 경상남도 도청이 진주에서 부산으로 옮겨왔다. 해방 후 부산은 귀국 동포와 한국전쟁 시기 피란민들이 몰려들면서 몸살을 앓았다. 원도심 시가지 북쪽 산은 중턱 위에까지 판잣집이 대거 들어섰다. 서울에서 부산으로 내려온 정부는 1,000일이 넘는 기간 동안 부산을 임시 수도로 하여 버텼다. 현재 부산 원도심에는 개항기부터 한국전쟁 시기까지 부산의 근현대사를 보여주는 다양한 자취들이 남아 있다.",https://ncms.nculture.org/legacy/story/4546,"임시 수도, 6.25전쟁, 항구"
24,24,부산광역시,남구,대연동,부산 유엔평화기념관,부산광역시 남구 홍곡로 320번길 106,35.12475247,129.0932569,지역 이색박물관,"부산 유엔평화기념관, 한국전쟁 당시 희생된 유엔군을 기리는 곳","유엔평화기념관은 2014년도에 개관한 국가보훈처 산하의 현충 시설이다. 한국전쟁에 참전한 UN군을 기억하고, 평화를 위해 희생한 그들의 숭고한 뜻을 기리기 위해 세워졌다. 한국전쟁의 발발과 휴전에 이르는 역사가 전시된 ‘한국전쟁실’, 한국전쟁에 참여한 UN군의 현황과 참전용사들의 육성을 들을 수 있는 ‘UN참전실’, UN의 활동과 지금도 분쟁이 벌어지고 있는 지구촌 소식을 전하는 ‘UN국제평화실’, 부산의 아동복지와 의료 여건 향상 등에 힘쓴 미국 장교 리차드 위트컴에 초점을 맞춘 ‘리차드 위트컴전’ 등을 관람할 수 있다.",https://ncms.nculture.org/exotic-museums/story/8712,"국가보훈처, UN군 참전, 부산항, 한국전쟁, 평화, 리차드 위트컴, 소총, 뱍리탄, 고아원, 병원, 부산 재건, 중공군, 부산교두보작전, 인천상륙작전"
25,25,부산광역시,서구,부민동2가,부산 임시수도 정부청사,부산광역시 서구 부민동 2가,35.105108,129.019488,근대문화유산,"뜨거운 가마솥 같았던 피란 수도, 부산 임시수도 정부청사","부산 임시수도 정부청사는 한국전쟁 기간 동안 총 1,023일간 피란 내려온 대한민국 정부의 청사로 쓰였다. 원래 1925년 경상남도 도청으로 지어진 건물이다. 경상남도 도청의 체육관 격인 무덕관은 임시수도의 국회로 사용되었다. 피란 수도 부산은 급격히 늘어난 인구를 감당하지 못하는 상황이었으나 임시수도 정부청사와 국회는 대통령 직선제 개헌을 둘러싼 정치 소용돌이[부산 정치파동]로 들끓었다. 임시수도 정부청사는 현재 동아대학교 박물관으로 쓰인다.",https://ncms.nculture.org/legacy/story/2865,"임시수도 정부청사, 동아대학교 박물관, 경상남도 도청, 부산 등록문화재"
26,26,부산광역시,중구,보수동3가,부산 임시측후소 청사,부산광역시 중구 흑교로59번길 16,35.10416726,129.0229043,근대문화유산,"우리나라에서 가장 오래된 기상관측소, 부산 임시측후소 청사",부산 임시측후소 청사는 부산과 경남 지역의 기상 관측을 위해 1905년에 설치된 우리나라에서 가장 오래된 기상관측소이다. 1934년 부산광역시 중구 대청동에 기상청 건물이 들어서기 전까지 기상 관측을 담당했다. 대부분의 측후소 건물이 고지대에 위치하고 있는 것과 달리 평지에 입지하고 있었다는 특징이 있다. 단층 규모의 지진계실을 두고 있는 등 근대 기상관측소로서 과도기적 형태를 지니고 있다.,https://ncms.nculture.org/legacy/story/7774,"측후소, 기상 관측, 기상청, 지진계실"
27,27,부산광역시,남구,대연동,부산 초원복국,부산광역시 남구 황령대로492번길 30,35.1377733,129.1058972,지역의 오래된 가게,"'우리가 남이가', 부산 초원복국","초원복국은 1983년 김동식이 아버지 김정도에게서 일식 요리를 배워 부인 백경희와 부산광역시 연제구 연산동에서 처음 가게를 내었다. 김동식은 부산에서는 처음으로 특수 조리사 자격증을 취득하였다. 처음 가게의 상호는 ‘초원 즉석 복국’이었고, 1986년 가게를 부산광역시 영도구 대교동으로 옮기면서 ‘초원복국’으로 바꾸었다. 1991년 부산광역시 남구 대연동으로 본점을 옮겼고, 부산광역시 영도구 대교동에 분점을 두었다.",https://ncms.nculture.org/long-standing-shops/story/8083,"복국, 초원복국, 오래된 식당, 초원복집 사건"
28,28,부산광역시,부산진구,범천동,부산 하이원 샵,부산광역시 부산진구 자유평화로 7,35.14169728,129.0606748,지역의 오래된 가게,"수제화 장인의 맞춤신발 전문점, 부산 '하이원 샵'",하이원 샵은 1982년 복승진이 부산광역시 평화시장에서 수제화를 판매하기 위해 문을 열었다. 처음 개업했을 때의 상호는 ‘거원제화’였다. 복승진은 거원제화를 개업하기 전부터  부산광역시 부산진구 범천동에서 수제 신발 공장을 운영하고 있었다. 하이원 샵은 2004년 ‘하이원’이라는 수제 댄스화 브랜드를 개발하면서 상호를 지금의 하이원 샵으로 변경하였다. 하이원 샵은 여성용 신발과 댄스화 그리고 재즈 연습화 등을 디자인하고 수제로 제작하여 판매한다. 부산광역시와 경상남도 유일의 스포츠 댄스화를 제작·판매하고 있다.,https://ncms.nculture.org/long-standing-shops/story/8298,"수제화, 평화시장, 부산 오래된 가게, 거원제화, 하이원 샵"
29,29,부산광역시,해운대구,중동,부산 해운대암소갈비집,부산광역시 해운대구 중동2로10번길 32-10,35.16323298,129.1662747,지역의 오래된 가게,"4대가 찾아주는 갈비집, 부산 '해운대암소갈비집'",해운대암소갈비집은 윤석호가 부산광역시 해운대에 개업한 암소갈비 전문점이다. 윤석호는 동래 온천장의 요리사로 ‘조선요리’를 배웠다. 이후 여러 요릿집을 거쳐 1964년 독립을 하였다. 현재 해운대암소갈비는 아들인 윤성원이 가게를 잇고 있다. 2021년 윤성원의 아들인 바비 윤이 운영하는 미국 뉴욕 분점 ‘윤 해운대갈비’는 뉴욕타임즈가 선정한 뉴욕 10대 레스토랑에 선정되었다.,https://ncms.nculture.org/long-standing-shops/story/9039,"해운대암소갈비집, 고깃집, 부산 온천장, 양념갈비"
30,30,부산광역시,사하구,장림동,부산 효성어묵,부산광역시 사하구 다대로1066번길 40,35.07740959,128.9558662,지역의 오래된 가게,명품 수제어묵을 만드는 부산 효성어묵,"효성어묵은 1960년 성명섭이 부산광역시 동래구 온천시장에서 온천식품으로 어묵 제조를 시작하여 1984년 부산광역시 사하구 장림동에서 선우식품으로 상호를 바꾸었다. 성명섭의 딸 성재란과 사위 김천환이 1992년 선우식품을 이어받아 효성식품으로 상호를 변경하였고, 2009년 효성어묵을 주식회사로 만들고 상호를 바꾸었다. 2015년 성명섭의 손녀인 김민정이 효성어묵을 이어받았다.",https://ncms.nculture.org/long-standing-shops/story/8084,"효성어묵, 어묵, 오뎅, 부산어묵, 온천식품"
31,31,부산광역시,금정구,장전동,부산대학교 구 본관,부산광역시 금정구 부산대학로 63번길 2,35.23669504,129.0821373,근대문화유산,르 코르뷔지에의 제자 김중업이 설계한 - 부산대학교 구 본관,"부산광역시 금정구 부산대학교 구 본관은 김중업이 설계한 작품이다. 금정산 자락의 경사지를 자연스럽게 이용해 1층을 필로티로 구성하고, 주 출입구 부분 좌우를 커튼월 통유리로 처리했으며, 중앙홀의 계단은 날아오르듯 설치한, 빼어난 건물로 평가된다. 더욱이 건물을 지은 시기가 1950년대 말 한국전쟁의 후유증에서 완전히 벗어나지 못한 때여서, 건물의 규모와 건축 방식은 부산대학교 학생과 관계자뿐만 아니라 부산시민들에게도 자랑거리가 되었다. 부산대학교는 해방 직후인 1946년 당시 미 군정청 경상남도 학무국장인 윤인섭이 주도하여 세워졌다. 대학 설립 기금을 마련하기 위해 부산시민들은 기꺼이 성금을 내놓았다. 윤인구는 1953년 부산대학교가 국립 종합대학으로 승격할 때 초대 총장이 되어 대학 발전에 정성을 쏟았다. 윤 총장은 미군 장성을 설득하여 현재의 학교 부지를 확보했고, 학생들의 기상을 키워주기 위해 종(鐘) 형태의 캠퍼스에 종을 울리는 추의 궤적을 형상화한 대학 본부 건물을 구상했다. 김중업이 실현시킨 구 본관은 1995년까지 대학본부 겸 강의실로 사용되었으며, 현재는 인문대학 건물로 쓰인다. 부산대학교 구 본관은 2014년 등록문화재 제641호로, 역시 김중업이 설계한 무지개문 및 수위실은 제642호로 지정되었다.",https://ncms.nculture.org/legacy/story/1017,"부산대학교, 부산대학교 구 본관, 부산대학교 인문대학, 윤안구, 김중업, 부산대학교 무지개문, 부산대학교 수위실, 부산대학교 넉넉한 터"
32,32,부산광역시,중구,동광동3가,부산영화체험박물관,부산광역시 중구 대청로126번길 12,35.10169228,129.033592,지역 이색박물관,"부산영화체험박물관, 여기가 어디? 영화 속으로!","부산영화체험관은 영화의 도시, 부산에 세워진 국내 최초 체험형 영화 전문 박물관이다. 문화체육관광부가 진행한 임대 형태의 민간투자사업(BTL)의 하나로, 2017년에 문을 열었다. 박물관 이름 앞에 봄(BOM)이라는 단어가 붙어 있는데, 부산영화체험관의 영문 표기인 ‘BUSAN MUSEUM OF MOVIES’의 앞 글자를 딴 것이기도 하고, 눈으로 ‘본다’와 시작을 알리는 계절인 ‘봄’을 뜻하기도 한다. 전시는 관람객이 직접 체험해야 하는 관람객 참여 형태로, 영화도시 중앙역, 영화역사의 거리, 명작의 광장, 시네마 아카데미, 시네마 스튜디오 순서로 관람하면 된다.",https://ncms.nculture.org/exotic-museums/story/8916,"영화, 부산, 체험, 봄(BOM), 부산국제영화제, RFID 카드, 영화거리, 극장, 영화감독, 시네마 스튜디오, 착시 터널, 가상현실(VR)"
33,33,부산광역시,영도구,봉래동2가,삼진식품,부산 영도구 태종로99번길 36,35.09295656,129.042783,지역의 오래된 가게,"부산 어묵의 자존심, 삼진식품","삼진식품은 박재덕이 1950년 초 상호 없이 부산광역시 영도구 봉래 시장 판자집에서 시작한 가게로, 1953년 정식으로 삼진식품 가공소로 상호를 달았고, 1980년대 중반에 현재의 삼진식품으로 상호를 변경하였다. 우리나라에서 현존하는 어묵 제조업체로는 삼진식품이 가장 오래되었다. 1983년부터 박재덕의 아들 박종수가 삼진식품을 이어받아 운영하고 있다.",https://ncms.nculture.org/long-standing-shops/story/8081,"삼진식품, 어묵, 오뎅, 부산어묵, 부산 향토음식, 어육"
34,34,부산광역시,동래구,온천동,세운 동래 별장,부산광역시 동래구 금강로123번길 12,35.22036641,129.0795061,근대문화유산,유명한 부산 동래 온천에 일본인 자본가가 세운 동래 별장,동래 별장은 부산광역시 동래구 온천동에 일본인 하자마 후사타로(迫間房太郞)가 지은 근대 일본식 정원건축이다. 동래 별장이 위치한 동래 온천은 옛날부터 다친 곳을 치유해 주는 효험이 있기로 소문난 곳이었다. 동래 온천은 일제강점기에 일본인들에 의해 개발되어 일본인들의 휴양을 담당한 관광지로 변모했다. 동래 별장도 휴양을 목적으로 세워졌으며 원래 있던 건물을 허물고 증축하여 완성되었다. 동래 별장은 오랜 세월 다양하게 용도가 변경되어 오다가 현재는 대중음식점으로 운영되고 있다.,https://ncms.nculture.org/legacy/story/7168,"동래, 온천, 별장, 백학 전설"
35,35,부산광역시,부산진구,부전동,영광도서,부산광역시 부산진구 서면문화로 10,35.15882429,129.0576139,지역의 오래된 가게,"부산 문화운동의 산실, '영광도서'","영광도서는 김윤환이 1968년 부산시 부산진구 부전동에 문을 연 서점이다. 처음 상호는 영광도서가 아니고 ‘영광서림’이었다. 1971년 상호를 현재의 영광도서로 바꾸었다. 영광도서는 1985년부터 ‘독자와 작가의 대화’를 비정기적으로 개최하였다. 1991년 문화체육관광부는 영광도서를 부산 지역 다목적 문화공간으로 지정하였다. 1993년부터는 ‘영광 독서 토론회’를 매월 1회 정례화 하였고, 1993년 문화공간 ‘영광도서 사랑방’·‘영광도서 갤러리’를 개관하였다. 1995년에는 주식회사 영광도서를 설립하였다. 1996년 본관 매장을 현재의 위치로 확장 이전하였다.",https://ncms.nculture.org/long-standing-shops/story/8307,"영광서림, 영광도서, 오래된 서점, 책방"
36,36,부산광역시,중구,신창동4가,이화사,부산광역시 중구 국제시장2길 33,35.10238037,129.0283039,지역의 오래된 가게,"부산에서 가장 오래된 안경점, '이화사'","이화사는 1950년에 문을 연 부산광역시에서 가장 오래된 안경점이다. 1961년 이화사 등 8개 점포가 모이면서 국제시장 내에서 안경 골목을 형성하기 시작하였다. 6·25 전쟁이 일어난 후 부산이 임시 수도로 지정되어 많은 피난민이 내려왔다. 인구의 증가는 안경 수요의 증가와 비례하였고, 국제시장은 상업 중심지로 많은 안경점들이 들어섰다.",https://ncms.nculture.org/long-standing-shops/story/8297,"이화사, 안경점, 국제시장, 안경골목, 부산 오래된 가게"
37,37,부산광역시,중구,광복동1가,일광카메라,부산광역시 중구 광복로85,35.09867319,129.0341544,지역의 오래된 가게,"일광카메라, 부산에서 가장 오래된 사진기 전문점","김병경이 1956년 부산광역시 중구 부평동에서 카메라 전문 가게 '일광카메라'를 개업하였다. 1965년 부평동에서 광복동 1가 17-4 현 위치로 가게를 옮겼다. 1984년 김병경의 아들인 김지현이 가게를 이어받았고, 1995년 건물을 증축하였다. 상호는 처음 일광 카메라에서 2000년 일광 디지털로 변경하였다가 2012년 다시 일광 카메라로 바꾸었다. 일광 카메라는 현존하는 부산에서는 가장 오래된 카메라 전문 가게이다.",https://ncms.nculture.org/long-standing-shops/story/8086,"일광카메라, 사진기, 디지털 카메라, 미군부대, 부산 오래된 가게"
38,38,부산광역시,기장군,정관읍,정관박물관,부산광역시 기장군 정관읍 정관중앙로 122 (방곡리),35.32680782,129.1848654,지역 이색박물관,"정관박물관, 삼국시대 마을을 만날 수 있는 곳","정관박물관은 국내 최초 삼국시대 생활사 전문 박물관으로 2015년에 문을 열었다. 기장 정관신도시 건설 과정에서 발견된 유적과 유물을 관리하고, 신도시 개발로 정든 터전을 떠난 실향민들을 위로하며 이들의 삶을 기록으로 남기기 위해 세워졌다. 관람객들은 상설 전시인 ‘소두방의 생활’과 ‘소두방의 기억’에서 삼국시대의 생활상을 다섯 가지 주제로(주거문화, 음식, 생활방식, 종교와 신앙, 무덤) 경험하고, 신도시 개발 이전의 정관 마을에 관한 이야기를 들을 수 있다.",https://ncms.nculture.org/exotic-museums/story/8915,"소두방재, 정관신도시, 양산, 부산, 삼국시대, 마을 유적"
39,39,부산광역시,중구,부평동2가,죽집에서 먹던 팥죽,부산광역시 중구 중구로 53번길 17 부평동 죽집골목,35.102568,129.02613,근대문화유산,"복날과 동지, 죽집에서 먹던 팥죽","오늘날 팥죽은 동지에 먹는 음식으로 알고 있지만, 일제강점기까지 복날에 팥죽을 먹었다. 동지에도, 복날에도 먹던 음식이었다. 조선후기부터 죽집이 있어서 주로 팥죽을 팔았다. 팥죽을 끓이기 위해서는 적어도 5~7시간 불을 때면서 끓여야 했기에, 죽집은 새벽 장사를 위해 밤새 팥죽을 끓인다. 이런 이유로 죽집에 화재가 잘 발생했다. 일제강점기 죽집은 주로 시장근처에 있고 한그릇에 5전, 반그릇에 3전의 가격으로 팥죽을 팔았다.",https://ncms.nculture.org/legacy/story/2927,"복날, 동지, 죽집, 화재"
40,40,부산광역시,남구,문현동,한국거래소 자본시장역사박물관,부산광역시 남구 문현금융로 40 부산국제금융센터 51층,35.14649173,129.0658548,지역 이색박물관,"한국거래소 자본시장역사박물관, 하늘 아래 펼쳐진 자본시장의 어제와 오늘","한국거래소 자본시장역사박물관은 자본의 흐름을 배울 수 있는 국내 유일의 박물관이다. 증권, 선물, 파생상품 등 많이 들어는 봤지만 이해하기 어려운 개념을 관람객에게 쉽게 전달하고, 자본시장의 어제와 오늘을 소개하며, 미래의 모습을 함께 고민하기 위해 세워졌다. 홍보관 시절부터 수집한 600여 점의 귀한 유물과 자료가 온오프라인에서 제공되는 만큼 누구나 편리하게 이용할 수 있다. 51층에서 내려다보는 부산 시내의 아름다운 풍경 또한 한국거래소 자본시장역사박물관의 매력 중 하나다.",https://ncms.nculture.org/exotic-museums/story/7952,"증권, 파생상품, 51층, 미두취인소, 화폐, 자본시장"
